"brood_code","Brood_Year","species_description","run_description","stock_description","Origin_desc","quasi_noaa_name","Wild","Hatchery","nosa_esa_pop_name","stock_id","comments","sasi_stock_num","POPFIT","BESTVALUE","nosaij","nosaej","phosij","phosej","tsaij","tsaej","pHOS","pNOS","pNOB","pHOB","pNI"
"CH:NA:COLU:2012:W",2012,"chum","fall","Columbia River","Wild Origin","Columbia River fall chum",51,0,"Salmon, chum (Columbia River ESU) Lower Gorge Tributaries - fall","8A5D58E1-DA28-4CA7-8CC9-C2D7D2184B25",NA,"2765","Same","Yes",NA,1864,NA,0,NA,1864,0,1,1,0,1
"CH:NA:COLU:2013:W",2013,"chum","fall","Columbia River","Wild Origin","Columbia River fall chum",47,0,"Salmon, chum (Columbia River ESU) Lower Gorge Tributaries - fall","8A5D58E1-DA28-4CA7-8CC9-C2D7D2184B25",NA,"2765","Same","Yes",NA,1595,NA,0,NA,1595,0,1,1,0,1
"CH:NA:COLU:2014:W",2014,"chum","fall","Columbia River","Wild Origin","Columbia River fall chum",80,0,"Salmon, chum (Columbia River ESU) Lower Gorge Tributaries - fall","8A5D58E1-DA28-4CA7-8CC9-C2D7D2184B25",NA,"2765","Same","Yes",NA,2342,NA,0.019,NA,2387,0.019,0.981,1,0,0.98135426889107
"CH:NA:COLU:2015:W",2015,"chum","fall","Columbia River","Wild Origin","Columbia River fall chum",67,0,"Salmon, chum (Columbia River ESU) Lower Gorge Tributaries - fall","8A5D58E1-DA28-4CA7-8CC9-C2D7D2184B25",NA,"2765","Same","Yes",NA,5345,NA,0,NA,5345,0,1,1,0,1
"CH:NA:COLU:2016:W",2016,"chum","fall","Columbia River","Wild Origin","Columbia River fall chum",96,0,"Salmon, chum (Columbia River ESU) Lower Gorge Tributaries - fall","8A5D58E1-DA28-4CA7-8CC9-C2D7D2184B25",NA,"2765","Same","Yes",NA,6103,NA,0,NA,6103,0,1,1,0,1
"CH:NA:COLU:2017:W",2017,"chum","fall","Columbia River","Wild Origin","Columbia River fall chum",80,0,"Salmon, chum (Columbia River ESU) Lower Gorge Tributaries - fall","8A5D58E1-DA28-4CA7-8CC9-C2D7D2184B25",NA,"2765","Same","Yes",NA,1499,NA,0,NA,1499,0,1,1,0,1
"CH:NA:COLU:2018:W",2018,"chum","fall","Columbia River","Wild Origin","Columbia River fall chum",96,0,"Salmon, chum (Columbia River ESU) Lower Gorge Tributaries - fall","8A5D58E1-DA28-4CA7-8CC9-C2D7D2184B25",NA,"2765","Same","Yes",NA,4855,NA,NA,NA,4918,0.0128100854005694,0.987189914599431,1,0,0.987351937361976
"CH:NA:COLU:2018:W",2018,"chum","fall","Columbia River","Wild Origin","Columbia River fall chum",96,0,"Salmon, chum (Columbia River ESU) Lower Gorge Tributaries - fall","8A5D58E1-DA28-4CA7-8CC9-C2D7D2184B25",NA,"2765",NA,"Yes",NA,NA,NA,0.013,NA,NA,0.013,0.987,1,0,0.987166831194472
"CH:NA:COLU:2019:W",2019,"chum","fall","Columbia River","Wild Origin","Columbia River fall chum",96,0,"Salmon, chum (Columbia River ESU) Lower Gorge Tributaries - fall","8A5D58E1-DA28-4CA7-8CC9-C2D7D2184B25",NA,"2765","Same","Yes",NA,5555,NA,NA,NA,5555,0,1,1,0,1
"CH:NA:COLU:2019:W",2019,"chum","fall","Columbia River","Wild Origin","Columbia River fall chum",96,0,"Salmon, chum (Columbia River ESU) Lower Gorge Tributaries - fall","8A5D58E1-DA28-4CA7-8CC9-C2D7D2184B25",NA,"2765",NA,"Yes",NA,NA,NA,0,NA,NA,0,1,1,0,1
"CH:NA:COLU:2020:W",2020,"chum","fall","Columbia River","Wild Origin","Columbia River fall chum",88,0,"Salmon, chum (Columbia River ESU) Lower Gorge Tributaries - fall","8A5D58E1-DA28-4CA7-8CC9-C2D7D2184B25",NA,"2765","Same","Yes",NA,3380,NA,0.002,NA,3388,0.002,0.998,1,0,0.998003992015968
"CH:NA:COLU:2021:W",2021,"chum","fall","Columbia River","Wild Origin","Columbia River fall chum",110,0,"Salmon, chum (Columbia River ESU) Lower Gorge Tributaries - fall","8A5D58E1-DA28-4CA7-8CC9-C2D7D2184B25",NA,"2765","Same","Yes",NA,8306,NA,0.021,NA,8418,0.021,0.979,1,0,0.979431929480901
"CH:NA:COLU:2022:W",2022,"chum","fall","Columbia River","Wild Origin","Columbia River fall chum",84,0,"Salmon, chum (Columbia River ESU) Lower Gorge Tributaries - fall","8A5D58E1-DA28-4CA7-8CC9-C2D7D2184B25",NA,"2765","Same","Yes",NA,7901,NA,0,NA,7902,0,1,1,0,1
"CH:NA:COLU:2023:W",2023,"chum","fall","Columbia River","Wild Origin","Columbia River fall chum",84,0,"Salmon, chum (Columbia River ESU) Lower Gorge Tributaries - fall","8A5D58E1-DA28-4CA7-8CC9-C2D7D2184B25",NA,"2765",NA,NA,NA,NA,NA,NA,NA,NA,NA,NA,1,0,NA
"CH:NA:GRAY:2010:M",2010,"chum","fall","Grays River","Mixed Hatchery/Wild Origin","Grays River fall chum",287,0,"Salmon, chum (Columbia River ESU) Grays and Chinook Rivers - fall","21B7D79C-A1CF-4C67-A798-D61AD141A523",NA,"2748","Same","Yes",NA,6082,NA,0.047,NA,6380,0.047,0.953,1,0,0.955109837631328
"CH:NA:GRAY:2011:M",2011,"chum","fall","Grays River","Mixed Hatchery/Wild Origin","Grays River fall chum",293,0,"Salmon, chum (Columbia River ESU) Grays and Chinook Rivers - fall","21B7D79C-A1CF-4C67-A798-D61AD141A523",NA,"2748","Same","Yes",NA,10052,NA,0.07,NA,10809,0.07,0.93,1,0,0.934579439252336
"CH:NA:GRAY:2012:M",2012,"chum","fall","Grays River","Mixed Hatchery/Wild Origin","Grays River fall chum",226,0,"Salmon, chum (Columbia River ESU) Grays and Chinook Rivers - fall","21B7D79C-A1CF-4C67-A798-D61AD141A523",NA,"2748","Same","Yes",NA,7782,NA,0.028,NA,8010,0.028,0.972,1,0,0.972762645914397
"CH:NA:GRAY:2013:M",2013,"chum","fall","Grays River","Mixed Hatchery/Wild Origin","Grays River fall chum",246,0,"Salmon, chum (Columbia River ESU) Grays and Chinook Rivers - fall","21B7D79C-A1CF-4C67-A798-D61AD141A523",NA,"2748","Same","Yes",NA,4832,NA,0.059,NA,5134,0.059,0.941,1,0,0.944287063267233
"CH:NA:GRAY:2014:M",2014,"chum","fall","Grays River","Mixed Hatchery/Wild Origin","Grays River fall chum",246,0,"Salmon, chum (Columbia River ESU) Grays and Chinook Rivers - fall","21B7D79C-A1CF-4C67-A798-D61AD141A523",NA,"2748","Same","Yes",NA,4267,NA,0.11,NA,4792,0.11,0.89,1,0,0.900900900900901
"CH:NA:GRAY:2015:M",2015,"chum","fall","Grays River","Mixed Hatchery/Wild Origin","Grays River fall chum",127,0,"Salmon, chum (Columbia River ESU) Grays and Chinook Rivers - fall","21B7D79C-A1CF-4C67-A798-D61AD141A523",NA,"2748","Same","Yes",NA,10857,NA,0.062,NA,11580,0.062,0.938,1,0,0.941619585687382
"CH:NA:GRAY:2016:M",2016,"chum","fall","Grays River","Mixed Hatchery/Wild Origin","Grays River fall chum",126,0,"Salmon, chum (Columbia River ESU) Grays and Chinook Rivers - fall","21B7D79C-A1CF-4C67-A798-D61AD141A523",NA,"2748","Same","Yes",NA,30408,NA,0.023,NA,31138,0.023,0.977,1,0,0.977517106549365
"CH:NA:GRAY:2017:M",2017,"chum","fall","Grays River","Mixed Hatchery/Wild Origin","Grays River fall chum",116,0,"Salmon, chum (Columbia River ESU) Grays and Chinook Rivers - fall","21B7D79C-A1CF-4C67-A798-D61AD141A523",NA,"2748","Same","Yes",NA,6217,NA,0.067,NA,6662,0.067,0.933,1,0,0.937207122774133
"CH:NA:GRAY:2018:M",2018,"chum","fall","Grays River","Mixed Hatchery/Wild Origin","Grays River fall chum",248,0,"Salmon, chum (Columbia River ESU) Grays and Chinook Rivers - fall","21B7D79C-A1CF-4C67-A798-D61AD141A523",NA,"2748","Same","Yes",NA,6320,NA,0.072,NA,6811,0.072,0.928,1,0,0.932835820895522
"CH:NA:GRAY:2019:M",2019,"chum","fall","Grays River","Mixed Hatchery/Wild Origin","Grays River fall chum",260,0,"Salmon, chum (Columbia River ESU) Grays and Chinook Rivers - fall","21B7D79C-A1CF-4C67-A798-D61AD141A523",NA,"2748","Same","Yes",NA,7002,NA,0.062,NA,7468,0.062,0.938,1,0,0.941619585687382
"CH:NA:GRAY:2020:M",2020,"chum","fall","Grays River","Mixed Hatchery/Wild Origin","Grays River fall chum",198,0,"Salmon, chum (Columbia River ESU) Grays and Chinook Rivers - fall","21B7D79C-A1CF-4C67-A798-D61AD141A523",NA,"2748","Same","Yes",NA,12726,NA,0.054,NA,NA,0.054,0.946,1,0,0.94876660341556
"CH:NA:GRAY:2020:M",2020,"chum","fall","Grays River","Mixed Hatchery/Wild Origin","Grays River fall chum",198,0,"Salmon, chum (Columbia River ESU) Grays and Chinook Rivers - fall","21B7D79C-A1CF-4C67-A798-D61AD141A523",NA,"2748","Same","Yes",NA,NA,NA,NA,NA,13466,NA,NA,1,0,NA
"CH:NA:GRAY:2021:M",2021,"chum","fall","Grays River","Mixed Hatchery/Wild Origin","Grays River fall chum",192,0,"Salmon, chum (Columbia River ESU) Grays and Chinook Rivers - fall","21B7D79C-A1CF-4C67-A798-D61AD141A523",NA,"2748","Same","Yes",NA,16760,NA,0.038,NA,NA,0.038,0.962,1,0,0.963391136801541
"CH:NA:GRAY:2021:M",2021,"chum","fall","Grays River","Mixed Hatchery/Wild Origin","Grays River fall chum",192,0,"Salmon, chum (Columbia River ESU) Grays and Chinook Rivers - fall","21B7D79C-A1CF-4C67-A798-D61AD141A523",NA,"2748","Same","Yes",NA,NA,NA,NA,NA,17414,NA,NA,1,0,NA
"CH:NA:GRAY:2022:M",2022,"chum","fall","Grays River","Mixed Hatchery/Wild Origin","Grays River fall chum",198,0,"Salmon, chum (Columbia River ESU) Grays and Chinook Rivers - fall","21B7D79C-A1CF-4C67-A798-D61AD141A523",NA,"2748",NA,NA,NA,NA,NA,NA,NA,NA,NA,NA,1,0,NA
"CH:NA:GRAY:2023:M",2023,"chum","fall","Grays River","Mixed Hatchery/Wild Origin","Grays River fall chum",187,0,"Salmon, chum (Columbia River ESU) Grays and Chinook Rivers - fall","21B7D79C-A1CF-4C67-A798-D61AD141A523",NA,"2748",NA,NA,NA,NA,NA,NA,NA,NA,NA,NA,1,0,NA
"CH:NA:I205:2012:W",2012,"chum","fall","I-205","Wild Origin","I-205 fall chum",88,0,"Salmon, chum (Columbia River ESU) Washougal River - fall","2CB705B7-0D2C-483F-88D3-80226165224B",NA,"2756","Same","Yes",NA,2498,NA,NA,NA,2498,0,1,1,0,1
"CH:NA:I205:2013:W",2013,"chum","fall","I-205","Wild Origin","I-205 fall chum",102,0,"Salmon, chum (Columbia River ESU) Washougal River - fall","2CB705B7-0D2C-483F-88D3-80226165224B",NA,"2756","Same","Yes",NA,1364,NA,NA,NA,1364,0,1,1,0,1
"CH:NA:I205:2014:W",2014,"chum","fall","I-205","Wild Origin","I-205 fall chum",85,0,"Salmon, chum (Columbia River ESU) Washougal River - fall","2CB705B7-0D2C-483F-88D3-80226165224B",NA,"2756","Same","Yes",NA,1387,NA,NA,NA,1387,0,1,1,0,1
"CH:NA:I205:2015:W",2015,"chum","fall","I-205","Wild Origin","I-205 fall chum",63,0,"Salmon, chum (Columbia River ESU) Washougal River - fall","2CB705B7-0D2C-483F-88D3-80226165224B",NA,"2756","Same","Yes",NA,4694,NA,NA,NA,4694,0,1,1,0,1
"CH:NA:I205:2016:W",2016,"chum","fall","I-205","Wild Origin","I-205 fall chum",88,0,"Salmon, chum (Columbia River ESU) Washougal River - fall","2CB705B7-0D2C-483F-88D3-80226165224B",NA,"2756","Same","Yes",NA,5062,NA,0.018,NA,5155,0.018,0.982,1,0,0.982318271119843
"CH:NA:I205:2017:W",2017,"chum","fall","I-205","Wild Origin","I-205 fall chum",77,0,"Salmon, chum (Columbia River ESU) Washougal River - fall","2CB705B7-0D2C-483F-88D3-80226165224B",NA,"2756","Same","Yes",NA,1570,NA,0,NA,1570,0,1,1,0,1
"CH:NA:I205:2018:W",2018,"chum","fall","I-205","Wild Origin","I-205 fall chum",86,0,"Salmon, chum (Columbia River ESU) Washougal River - fall","2CB705B7-0D2C-483F-88D3-80226165224B",NA,"2756","Same","Yes",NA,2484,NA,NA,NA,2518,0.0135027799841144,0.986497220015886,1,0,0.986677115987461
"CH:NA:I205:2018:W",2018,"chum","fall","I-205","Wild Origin","I-205 fall chum",86,0,"Salmon, chum (Columbia River ESU) Washougal River - fall","2CB705B7-0D2C-483F-88D3-80226165224B",NA,"2756",NA,"Yes",NA,NA,NA,0.013,NA,NA,0.013,0.987,1,0,0.987166831194472
"CH:NA:I205:2019:W",2019,"chum","fall","I-205","Wild Origin","I-205 fall chum",82,0,"Salmon, chum (Columbia River ESU) Washougal River - fall","2CB705B7-0D2C-483F-88D3-80226165224B",NA,"2756","Same","Yes",NA,1326,NA,0.009,NA,1339,0.009,0.991,1,0,0.991080277502478
"CH:NA:I205:2020:W",2020,"chum","fall","I-205","Wild Origin","I-205 fall chum",82,0,"Salmon, chum (Columbia River ESU) Washougal River - fall","2CB705B7-0D2C-483F-88D3-80226165224B",NA,"2756","Same","Yes",NA,2242,NA,NA,NA,2242,0,1,1,0,1
"CH:NA:I205:2020:W",2020,"chum","fall","I-205","Wild Origin","I-205 fall chum",82,0,"Salmon, chum (Columbia River ESU) Washougal River - fall","2CB705B7-0D2C-483F-88D3-80226165224B",NA,"2756",NA,"Yes",NA,NA,NA,0,NA,NA,0,1,1,0,1
"CH:NA:I205:2021:W",2021,"chum","fall","I-205","Wild Origin","I-205 fall chum",100,0,"Salmon, chum (Columbia River ESU) Washougal River - fall","2CB705B7-0D2C-483F-88D3-80226165224B",NA,"2756","Same","Yes",NA,3527,NA,0.068,NA,3783,0.068,0.932,1,0,0.936329588014981
"CH:NA:I205:2022:W",2022,"chum","fall","I-205","Wild Origin","I-205 fall chum",101,0,"Salmon, chum (Columbia River ESU) Washougal River - fall","2CB705B7-0D2C-483F-88D3-80226165224B",NA,"2756","Same","Yes",NA,4135,NA,0.01,NA,4178,0.01,0.99,1,0,0.99009900990099
"CH:NA:I205:2023:W",2023,"chum","fall","I-205","Wild Origin","I-205 fall chum",76,0,"Salmon, chum (Columbia River ESU) Washougal River - fall","2CB705B7-0D2C-483F-88D3-80226165224B",NA,"2756",NA,NA,NA,NA,NA,NA,NA,NA,NA,NA,1,0,NA
"CK:FA:COHA:2018:H",2018,"chinook","fall","Cowlitz River Hatchery Stock","Hatchery Origin","Cowlitz River Hatchery Stock fall chinook",450,509,NA,NA,NA,NA,NA,NA,NA,NA,NA,NA,NA,NA,NA,NA,0.469238790406674,0.530761209593326,NA
"CK:FA:COHA:2019:H",2019,"chinook","fall","Cowlitz River Hatchery Stock","Hatchery Origin","Cowlitz River Hatchery Stock fall chinook",329,885,NA,NA,NA,NA,NA,NA,NA,NA,NA,NA,NA,NA,NA,NA,0.271004942339374,0.728995057660626,NA
"CK:FA:COWL:2010:M",2010,"chinook","fall","Cowlitz River","Mixed Hatchery/Wild Origin","Cowlitz River fall chinook",248,2020,"Salmon, Chinook (Lower Columbia River ESU) Lower Cowlitz River - fall","2780D7B8-3349-4A06-87C9-386B95DF1882",NA,"1557","Same","Yes",NA,4978,NA,0.335,NA,7482,0.335,0.665,0.109347442680776,0.890652557319224,0.246085455158864
"CK:FA:COWL:2011:H",2011,"chinook","fall","Cowlitz River","Hatchery Origin","Cowlitz River fall chinook",0,2114,NA,NA,NA,NA,NA,NA,NA,NA,NA,NA,NA,NA,NA,NA,0,1,NA
"CK:FA:COWL:2012:H",2012,"chinook","fall","Cowlitz River","Hatchery Origin","Cowlitz River fall chinook",0,752,NA,NA,NA,NA,NA,NA,NA,NA,NA,NA,NA,NA,NA,NA,0,1,NA
"CK:FA:COWL:2013:H",2013,"chinook","fall","Cowlitz River","Hatchery Origin","Cowlitz River fall chinook",0,1741,NA,NA,NA,NA,NA,NA,NA,NA,NA,NA,NA,NA,NA,NA,0,1,NA
"CK:FA:COWL:2013:M",2013,"chinook","fall","Cowlitz River","Mixed Hatchery/Wild Origin","Cowlitz River fall chinook",15,15,"Salmon, Chinook (Lower Columbia River ESU) Lower Cowlitz River - fall","2780D7B8-3349-4A06-87C9-386B95DF1882",NA,"1557","Same","Yes",NA,7273,NA,0.171,NA,8775,0.171,0.829,0.5,0.5,0.745156482861401
"CK:FA:COWL:2014:H",2014,"chinook","fall","Cowlitz River","Hatchery Origin","Cowlitz River fall chinook",0,1606,NA,NA,NA,NA,NA,NA,NA,NA,NA,NA,NA,NA,NA,NA,0,1,NA
"CK:FA:COWL:2014:M",2014,"chinook","fall","Cowlitz River","Mixed Hatchery/Wild Origin","Cowlitz River fall chinook",84,83,"Salmon, Chinook (Lower Columbia River ESU) Lower Cowlitz River - fall","2780D7B8-3349-4A06-87C9-386B95DF1882",NA,"1557","Same","Yes",NA,5742,NA,0.353,NA,8881,0.353,0.647,0.502994011976048,0.497005988023952,0.587613937642969
"CK:FA:COWL:2015:H",2015,"chinook","fall","Cowlitz River","Hatchery Origin","Cowlitz River fall chinook",0,1610,NA,NA,NA,NA,NA,NA,NA,NA,NA,NA,NA,NA,NA,NA,0,1,NA
"CK:FA:COWL:2015:M",2015,"chinook","fall","Cowlitz River","Mixed Hatchery/Wild Origin","Cowlitz River fall chinook",125,125,"Salmon, Chinook (Lower Columbia River ESU) Lower Cowlitz River - fall","2780D7B8-3349-4A06-87C9-386B95DF1882",NA,"1557","Same","Yes",NA,8073,NA,0.323,NA,11923,0.323,0.677,0.5,0.5,0.607533414337789
"CK:FA:COWL:2016:H",2016,"chinook","fall","Cowlitz River","Hatchery Origin","Cowlitz River fall chinook",0,1674,NA,NA,NA,NA,NA,NA,NA,NA,NA,NA,NA,NA,NA,NA,0,1,NA
"CK:FA:COWL:2016:M",2016,"chinook","fall","Cowlitz River","Mixed Hatchery/Wild Origin","Cowlitz River fall chinook",44,44,"Salmon, Chinook (Lower Columbia River ESU) Lower Cowlitz River - fall","2780D7B8-3349-4A06-87C9-386B95DF1882",NA,"1557","Same","Yes",NA,5746,NA,0.271,NA,7887,0.271,0.729,0.5,0.5,0.648508430609598
"CK:FA:COWL:2017:H",2017,"chinook","fall","Cowlitz River","Hatchery Origin","Cowlitz River fall chinook",0,1162,NA,NA,NA,NA,NA,NA,NA,NA,NA,NA,NA,NA,NA,NA,0,1,NA
"CK:FA:COWL:2017:M",2017,"chinook","fall","Cowlitz River","Mixed Hatchery/Wild Origin","Cowlitz River fall chinook",432,435,"Salmon, Chinook (Lower Columbia River ESU) Lower Cowlitz River - fall","2780D7B8-3349-4A06-87C9-386B95DF1882",NA,"1557","Same","Yes",NA,5746,NA,0.206,NA,7240,0.206,0.794,0.498269896193772,0.501730103806228,0.707498501478868
"CK:FA:COWL:2018:H",2018,"chinook","fall","Cowlitz River","Hatchery Origin","Cowlitz River fall chinook",0,60,NA,NA,NA,NA,NA,NA,NA,NA,NA,NA,NA,NA,NA,NA,0,1,NA
"CK:FA:COWL:2020:M",2020,"chinook","fall","Cowlitz River","Mixed Hatchery/Wild Origin","Cowlitz River fall chinook",516,1582,"Salmon, Chinook (Lower Columbia River ESU) Lower Cowlitz River - fall","2780D7B8-3349-4A06-87C9-386B95DF1882",NA,"1557","Same","Yes",NA,9034,NA,0.085,NA,9868,0.085,0.915,0.245948522402288,0.754051477597712,0.743162473175579
"CK:FA:COWL:2021:M",2021,"chinook","fall","Cowlitz River","Mixed Hatchery/Wild Origin","Cowlitz River fall chinook",374,1642,"Salmon, Chinook (Lower Columbia River ESU) Lower Cowlitz River - fall","2780D7B8-3349-4A06-87C9-386B95DF1882",NA,"1557","Same","Yes",NA,6376,NA,0.15,NA,7556,0.15,0.85,0.185515873015873,0.814484126984127,0.552927261975163
"CK:FA:COWL:2022:M",2022,"chinook","fall","Cowlitz River","Mixed Hatchery/Wild Origin","Cowlitz River fall chinook",229,585,"Salmon, Chinook (Lower Columbia River ESU) Lower Cowlitz River - fall","2780D7B8-3349-4A06-87C9-386B95DF1882",NA,"1557","Same","Yes",NA,8623,NA,0.08,NA,9363,0.08,0.92,0.281326781326781,0.718673218673219,0.77859377124983
"CK:FA:COWL:2023:M",2023,"chinook","fall","Cowlitz River","Mixed Hatchery/Wild Origin","Cowlitz River fall chinook",71,483,"Salmon, Chinook (Lower Columbia River ESU) Lower Cowlitz River - fall","2780D7B8-3349-4A06-87C9-386B95DF1882",NA,"1557","Same","Yes",NA,12747,NA,0.07,NA,13656,0.07,0.93,0.128158844765343,0.871841155234657,0.646748041537621
"CK:FA:ELOC:2012:H",2012,"chinook","fall","Elochoman River","Hatchery Origin","Elochoman River fall chinook",0,38,NA,NA,NA,NA,NA,NA,NA,NA,NA,NA,NA,NA,NA,NA,0,1,NA
"CK:FA:KAHA:2017:H",2017,"chinook","fall","Kalama Hatchery Stock","Hatchery Origin","Kalama Hatchery Stock fall chinook",0,3291,NA,NA,NA,NA,NA,NA,NA,NA,NA,NA,NA,NA,NA,NA,0,1,NA
"CK:FA:KAHA:2018:H",2018,"chinook","fall","Kalama Hatchery Stock","Hatchery Origin","Kalama Hatchery Stock fall chinook",0,3418,NA,NA,NA,NA,NA,NA,NA,NA,NA,NA,NA,NA,NA,NA,0,1,NA
"CK:FA:KAHA:2019:H",2019,"chinook","fall","Kalama Hatchery Stock","Hatchery Origin","Kalama Hatchery Stock fall chinook",0,3146,NA,NA,NA,NA,NA,NA,NA,NA,NA,NA,NA,NA,NA,NA,0,1,NA
"CK:FA:KAHA:2020:H",2020,"chinook","fall","Kalama Hatchery Stock","Hatchery Origin","Kalama Hatchery Stock fall chinook",0,3566,NA,NA,NA,NA,NA,NA,NA,NA,NA,NA,NA,NA,NA,NA,0,1,NA
"CK:FA:KAHA:2021:H",2021,"chinook","fall","Kalama Hatchery Stock","Hatchery Origin","Kalama Hatchery Stock fall chinook",0,2828,NA,NA,NA,NA,NA,NA,NA,NA,NA,NA,NA,NA,NA,NA,0,1,NA
"CK:FA:KAHA:2022:H",2022,"chinook","fall","Kalama Hatchery Stock","Hatchery Origin","Kalama Hatchery Stock fall chinook",0,1350,NA,NA,NA,NA,NA,NA,NA,NA,NA,NA,NA,NA,NA,NA,0,1,NA
"CK:FA:KAHA:2023:H",2023,"chinook","fall","Kalama Hatchery Stock","Hatchery Origin","Kalama Hatchery Stock fall chinook",0,1290,NA,NA,NA,NA,NA,NA,NA,NA,NA,NA,NA,NA,NA,NA,0,1,NA
"CK:FA:KAHA:2024:H",2024,"chinook","fall","Kalama Hatchery Stock","Hatchery Origin","Kalama Hatchery Stock fall chinook",0,150,NA,NA,NA,NA,NA,NA,NA,NA,NA,NA,NA,NA,NA,NA,0,1,NA
"CK:FA:KALA:2010:M",2010,"chinook","fall","Kalama River","Mixed Hatchery/Wild Origin","Kalama River fall chinook",104,2418,"Salmon, Chinook (Lower Columbia River ESU) Kalama River - fall","936B6531-3BBF-4FD3-938E-9AFE87978842","was kalama fall chinook ever integrated?","1595","Same","Yes",NA,674,NA,0.889,NA,6093,0.889,0.111,0.0412371134020619,0.958762886597938,0.0443296798288874
"CK:FA:KALA:2011:M",2011,"chinook","fall","Kalama River","Mixed Hatchery/Wild Origin","Kalama River fall chinook",385,2516,"Salmon, Chinook (Lower Columbia River ESU) Kalama River - fall","936B6531-3BBF-4FD3-938E-9AFE87978842","was kalama fall chinook ever integrated?","1595","Same","Yes",NA,443,NA,0.943,NA,7803,0.943,0.0570000000000001,0.132712857635298,0.867287142364702,0.123372010191489
"CK:FA:KALA:2012:M",2012,"chinook","fall","Kalama River","Mixed Hatchery/Wild Origin","Kalama River fall chinook",192,3649,"Salmon, Chinook (Lower Columbia River ESU) Kalama River - fall","936B6531-3BBF-4FD3-938E-9AFE87978842","was kalama fall chinook ever integrated?","1595","Same","Yes",NA,439,NA,0.943,NA,7645,0.943,0.0570000000000001,0.0499869825566259,0.950013017443374,0.0503400179808252
"CK:FA:KALA:2013:M",2013,"chinook","fall","Kalama River","Mixed Hatchery/Wild Origin","Kalama River fall chinook",464,2522,"Salmon, Chinook (Lower Columbia River ESU) Kalama River - fall","936B6531-3BBF-4FD3-938E-9AFE87978842","was kalama fall chinook ever integrated?","1595","Same","Yes",NA,1080,NA,0.888,NA,9680,0.888,0.112,0.155391828533155,0.844608171466845,0.148929504989138
"CK:FA:KALA:2014:M",2014,"chinook","fall","Kalama River","Mixed Hatchery/Wild Origin","Kalama River fall chinook",257,2887,"Salmon, Chinook (Lower Columbia River ESU) Kalama River - fall","936B6531-3BBF-4FD3-938E-9AFE87978842","was kalama fall chinook ever integrated?","1595","Same","Yes",NA,845,NA,0.918,NA,10323,0.918,0.082,0.0817430025445293,0.918256997455471,0.0817640156885103
"CK:FA:KALA:2015:M",2015,"chinook","fall","Kalama River","Mixed Hatchery/Wild Origin","Kalama River fall chinook",325,2894,"Salmon, Chinook (Lower Columbia River ESU) Kalama River - fall","936B6531-3BBF-4FD3-938E-9AFE87978842","was kalama fall chinook ever integrated?","1595","Same","Yes",NA,2889,NA,0.601,NA,7235,0.601,0.399,0.100963031997515,0.899036968002485,0.143829557106751
"CK:FA:KALA:2016:M",2016,"chinook","fall","Kalama River","Mixed Hatchery/Wild Origin","Kalama River fall chinook",0,3310,"Salmon, Chinook (Lower Columbia River ESU) Kalama River - fall","936B6531-3BBF-4FD3-938E-9AFE87978842","was kalama fall chinook ever integrated?","1595","Same","Yes",NA,2554,NA,0.599,NA,6373,0.599,0.401,0,1,0
"CK:FA:TOUT:2010:M",2010,"chinook","fall","Toutle River","Mixed Hatchery/Wild Origin","Toutle River fall chinook",157,539,"Salmon, Chinook (Lower Columbia River ESU) Toutle River - fall","B1FE67B3-5D33-4978-AF69-1C3C5650A2F3",NA,"1577","Portion","Yes",NA,399,NA,0.817,NA,2188,0.817,0.183,0.225574712643678,0.774425287356322,0.216363115187864
"CK:FA:TOUT:2011:M",2011,"chinook","fall","Toutle River","Mixed Hatchery/Wild Origin","Toutle River fall chinook",146,545,"Salmon, Chinook (Lower Columbia River ESU) Toutle River - fall","B1FE67B3-5D33-4978-AF69-1C3C5650A2F3",NA,"1577","Portion","Yes",NA,226,NA,0.847,NA,1485,0.847,0.153,0.211287988422576,0.788712011577424,0.199650747938196
"CK:FA:TOUT:2012:M",2012,"chinook","fall","Toutle River","Mixed Hatchery/Wild Origin","Toutle River fall chinook",160,524,"Salmon, Chinook (Lower Columbia River ESU) Toutle River - fall","B1FE67B3-5D33-4978-AF69-1C3C5650A2F3",NA,"1577","Portion","Yes",NA,256,NA,0.724,NA,926,0.724,0.276,0.233918128654971,0.766081871345029,0.24419428096994
"CK:FA:TOUT:2013:M",2013,"chinook","fall","Toutle River","Mixed Hatchery/Wild Origin","Toutle River fall chinook",237,455,"Salmon, Chinook (Lower Columbia River ESU) Toutle River - fall","B1FE67B3-5D33-4978-AF69-1C3C5650A2F3",NA,"1577","Portion","Yes",NA,957,NA,0.475,NA,1831,0.475,0.525,0.342485549132948,0.657514450867052,0.418949973484179
"CK:FA:TOUT:2014:M",2014,"chinook","fall","Toutle River","Mixed Hatchery/Wild Origin","Toutle River fall chinook",95,585,"Salmon, Chinook (Lower Columbia River ESU) Toutle River - fall","B1FE67B3-5D33-4978-AF69-1C3C5650A2F3",NA,"1577","Portion","Yes",NA,347,NA,0.491,NA,686,0.491,0.509,0.139705882352941,0.860294117647059,0.22150718149599
"CK:FA:TOUT:2015:M",2015,"chinook","fall","Toutle River","Mixed Hatchery/Wild Origin","Toutle River fall chinook",124,667,"Salmon, Chinook (Lower Columbia River ESU) Toutle River - fall","B1FE67B3-5D33-4978-AF69-1C3C5650A2F3",NA,"1577","Portion","Yes",NA,391,NA,0.373,NA,624,0.373,0.627,0.156763590391909,0.843236409608091,0.295912352670251
"CK:FA:TOUT:2016:M",2016,"chinook","fall","Toutle River","Mixed Hatchery/Wild Origin","Toutle River fall chinook",55,704,"Salmon, Chinook (Lower Columbia River ESU) Toutle River - fall","B1FE67B3-5D33-4978-AF69-1C3C5650A2F3",NA,"1577","Portion","Yes",NA,402,NA,0.523,NA,843,0.523,0.477,0.072463768115942,0.927536231884058,0.121692992917468
"CK:FA:TOUT:2017:M",2017,"chinook","fall","Toutle River","Mixed Hatchery/Wild Origin","Toutle River fall chinook",41,382,"Salmon, Chinook (Lower Columbia River ESU) Toutle River - fall","B1FE67B3-5D33-4978-AF69-1C3C5650A2F3",NA,"1577","Portion","Yes",NA,333,NA,0.503,NA,676,0.503,0.497,0.0969267139479905,0.903073286052009,0.161564257257585
"CK:FA:TOUT:2018:M",2018,"chinook","fall","Toutle River","Mixed Hatchery/Wild Origin","Toutle River fall chinook",22,564,"Salmon, Chinook (Lower Columbia River ESU) Toutle River - fall","B1FE67B3-5D33-4978-AF69-1C3C5650A2F3",NA,"1577","Portion","Yes",NA,152,NA,0.498,NA,306,0.498,0.502,0.037542662116041,0.962457337883959,0.0701020941407395
"CK:FA:TOUT:2019:M",2019,"chinook","fall","Toutle River","Mixed Hatchery/Wild Origin","Toutle River fall chinook",35,542,"Salmon, Chinook (Lower Columbia River ESU) Toutle River - fall","B1FE67B3-5D33-4978-AF69-1C3C5650A2F3",NA,"1577","Portion","Yes",NA,185,NA,0.634,NA,511,0.634,0.366,0.0606585788561525,0.939341421143847,0.0873214276803936
"CK:FA:TOUT:2020:M",2020,"chinook","fall","Toutle River","Mixed Hatchery/Wild Origin","Toutle River fall chinook",74,503,"Salmon, Chinook (Lower Columbia River ESU) Toutle River - fall","B1FE67B3-5D33-4978-AF69-1C3C5650A2F3",NA,"1577","Portion","Yes",NA,411,NA,0.493,NA,811,0.493,0.507,0.128249566724437,0.871750433275563,0.206438078340461
"CK:FA:TOUT:2021:M",2021,"chinook","fall","Toutle River","Mixed Hatchery/Wild Origin","Toutle River fall chinook",171,457,"Salmon, Chinook (Lower Columbia River ESU) Toutle River - fall","B1FE67B3-5D33-4978-AF69-1C3C5650A2F3",NA,"1577","Portion","Yes",NA,631,NA,0.317,NA,NA,0.317,0.683,0.272292993630573,0.727707006369427,0.462067251051135
"CK:FA:TOUT:2021:M",2021,"chinook","fall","Toutle River","Mixed Hatchery/Wild Origin","Toutle River fall chinook",171,457,"Salmon, Chinook (Lower Columbia River ESU) Toutle River - fall","B1FE67B3-5D33-4978-AF69-1C3C5650A2F3",NA,"1577","Portion","Yes",NA,NA,NA,NA,NA,924,NA,NA,0.272292993630573,0.727707006369427,NA
"CK:FA:TOUT:2022:M",2022,"chinook","fall","Toutle River","Mixed Hatchery/Wild Origin","Toutle River fall chinook",145,370,"Salmon, Chinook (Lower Columbia River ESU) Toutle River - fall","B1FE67B3-5D33-4978-AF69-1C3C5650A2F3",NA,"1577","Portion","Yes",NA,479,NA,0.249,NA,640,0.249,0.751,0.281553398058252,0.718446601941748,0.530678719783337
"CK:FA:TOUT:2023:M",2023,"chinook","fall","Toutle River","Mixed Hatchery/Wild Origin","Toutle River fall chinook",130,326,"Salmon, Chinook (Lower Columbia River ESU) Toutle River - fall","B1FE67B3-5D33-4978-AF69-1C3C5650A2F3",NA,"1577","Portion","Yes",NA,472,NA,0.26,NA,641,0.26,0.74,0.285087719298246,0.714912280701754,0.523012552301255
"CK:FA:WASH:2010:M",2010,"chinook","fall","Washougal River","Mixed Hatchery/Wild Origin","Washougal River fall chinook",39,1973,"Salmon, Chinook (Lower Columbia River ESU) Washougal River - fall","1F2F9F62-FE8F-4934-A1E3-DBAFF7FE49F9",NA,"1624","Same","Yes",NA,675,NA,0.871,NA,5249,0.871,0.129,0.0193836978131213,0.980616302186879,0.0217700502162492
"CK:FA:WASH:2012:H",2012,"chinook","fall","Washougal River","Hatchery Origin","Washougal River fall chinook",0,2396,NA,NA,NA,NA,NA,NA,NA,NA,NA,NA,NA,NA,NA,NA,0,1,NA
"CK:FA:WASH:2013:H",2013,"chinook","fall","Washougal River","Hatchery Origin","Washougal River fall chinook",0,2212,NA,NA,NA,NA,NA,NA,NA,NA,NA,NA,NA,NA,NA,NA,0,1,NA
"CK:FA:WASH:2014:H",2014,"chinook","fall","Washougal River","Hatchery Origin","Washougal River fall chinook",0,2038,NA,NA,NA,NA,NA,NA,NA,NA,NA,NA,NA,NA,NA,NA,0,1,NA
"CK:FA:WASH:2014:M",2014,"chinook","fall","Washougal River","Mixed Hatchery/Wild Origin","Washougal River fall chinook",121,123,"Salmon, Chinook (Lower Columbia River ESU) Washougal River - fall","1F2F9F62-FE8F-4934-A1E3-DBAFF7FE49F9",NA,"1624","Same","Yes",NA,839,NA,0.408,NA,1417,0.408,0.592,0.495901639344262,0.504098360655738,0.548623453879357
"CK:FA:WASH:2015:H",2015,"chinook","fall","Washougal River","Hatchery Origin","Washougal River fall chinook",0,2064,NA,NA,NA,NA,NA,NA,NA,NA,NA,NA,NA,NA,NA,NA,0,1,NA
"CK:FA:WASH:2015:M",2015,"chinook","fall","Washougal River","Mixed Hatchery/Wild Origin","Washougal River fall chinook",161,168,"Salmon, Chinook (Lower Columbia River ESU) Washougal River - fall","1F2F9F62-FE8F-4934-A1E3-DBAFF7FE49F9",NA,"1624","Same","Yes",NA,1169,NA,0.581,NA,2787,0.581,0.419,0.48936170212766,0.51063829787234,0.45719283598704
"CK:FA:WASH:2016:M",2016,"chinook","fall","Washougal River","Mixed Hatchery/Wild Origin","Washougal River fall chinook",76,1040,"Salmon, Chinook (Lower Columbia River ESU) Washougal River - fall","1F2F9F62-FE8F-4934-A1E3-DBAFF7FE49F9",NA,"1624","Same","Yes",NA,740,NA,0.639,NA,2054,0.639,0.361,0.0681003584229391,0.931899641577061,0.0963093252771428
"CK:FA:WASH:2022:H",2022,"chinook","fall","Washougal River","Hatchery Origin","Washougal River fall chinook",0,113,NA,NA,NA,NA,NA,NA,NA,NA,NA,NA,NA,NA,NA,NA,0,1,NA
"CK:FA:WSHA:2016:H",2016,"chinook","fall","Washougal River Hatchery Stock","Hatchery Origin","Washougal River Hatchery Stock fall chinook",0,616,NA,NA,NA,NA,NA,NA,NA,NA,NA,NA,NA,NA,NA,NA,0,1,NA
"CK:FA:WSHA:2017:M",2017,"chinook","fall","Washougal River Hatchery Stock","Mixed Hatchery/Wild Origin","Washougal River Hatchery Stock fall chinook",60,1129,"Salmon, Chinook (Lower Columbia River ESU) Washougal River - fall","1F2F9F62-FE8F-4934-A1E3-DBAFF7FE49F9",NA,"1624","Same","Yes",NA,655,NA,0.461,NA,1227,0.461,0.539,0.0504625735912532,0.949537426408747,0.0986632770349712
"CK:FA:WSHA:2018:M",2018,"chinook","fall","Washougal River Hatchery Stock","Mixed Hatchery/Wild Origin","Washougal River Hatchery Stock fall chinook",18,686,"Salmon, Chinook (Lower Columbia River ESU) Washougal River - fall","1F2F9F62-FE8F-4934-A1E3-DBAFF7FE49F9",NA,"1624","Same","Yes",NA,862,NA,0.149,NA,1016,0.149,0.851,0.0255681818181818,0.974431818181818,0.146465303996875
"CK:FA:WSHA:2019:M",2019,"chinook","fall","Washougal River Hatchery Stock","Mixed Hatchery/Wild Origin","Washougal River Hatchery Stock fall chinook",59,1582,"Salmon, Chinook (Lower Columbia River ESU) Washougal River - fall","1F2F9F62-FE8F-4934-A1E3-DBAFF7FE49F9",NA,"1624","Same","Yes",NA,1302,NA,0.208,NA,1645,0.208,0.792,0.0359536867763559,0.964046313223644,0.14737914909774
"CK:FA:WSHA:2020:M",2020,"chinook","fall","Washougal River Hatchery Stock","Mixed Hatchery/Wild Origin","Washougal River Hatchery Stock fall chinook",104,1069,"Salmon, Chinook (Lower Columbia River ESU) Washougal River - fall","1F2F9F62-FE8F-4934-A1E3-DBAFF7FE49F9",NA,"1624","Same","Yes",NA,2709,NA,0.341,NA,4120,0.341,0.659,0.0886615515771526,0.911338448422847,0.206352072350211
"CK:FA:WSHA:2021:M",2021,"chinook","fall","Washougal River Hatchery Stock","Mixed Hatchery/Wild Origin","Washougal River Hatchery Stock fall chinook",50,794,"Salmon, Chinook (Lower Columbia River ESU) Washougal River - fall","1F2F9F62-FE8F-4934-A1E3-DBAFF7FE49F9",NA,"1624","Same","Yes",NA,1435,NA,0.262,NA,1950,0.262,0.738,0.0592417061611374,0.940758293838863,0.184414741376767
"CK:FA:WSHA:2022:M",2022,"chinook","fall","Washougal River Hatchery Stock","Mixed Hatchery/Wild Origin","Washougal River Hatchery Stock fall chinook",13,802,"Salmon, Chinook (Lower Columbia River ESU) Washougal River - fall","1F2F9F62-FE8F-4934-A1E3-DBAFF7FE49F9",NA,"1624","Same","Yes",NA,909,NA,0.15,NA,1072,0.15,0.85,0.0159509202453988,0.984049079754601,0.0961182994454714
"CK:FA:WSHA:2023:M",2023,"chinook","fall","Washougal River Hatchery Stock","Mixed Hatchery/Wild Origin","Washougal River Hatchery Stock fall chinook",59,773,"Salmon, Chinook (Lower Columbia River ESU) Washougal River - fall","1F2F9F62-FE8F-4934-A1E3-DBAFF7FE49F9",NA,"1624","Same","Yes",NA,1577,NA,0.134,NA,1824,0.134,0.866,0.0709134615384615,0.929086538461538,0.346065412228427
"CK:SP:COHA:2018:H",2018,"chinook","spring","Cowlitz River Hatchery Stock","Hatchery Origin","Cowlitz River Hatchery Stock spring chinook",0,1523,NA,NA,NA,NA,NA,NA,NA,NA,NA,NA,NA,NA,NA,NA,0,1,NA
"CK:SP:COHA:2019:H",2019,"chinook","spring","Cowlitz River Hatchery Stock","Hatchery Origin","Cowlitz River Hatchery Stock spring chinook",0,1230,NA,NA,NA,NA,NA,NA,NA,NA,NA,NA,NA,NA,NA,NA,0,1,NA
"CK:SP:COHA:2020:H",2020,"chinook","spring","Cowlitz River Hatchery Stock","Hatchery Origin","Cowlitz River Hatchery Stock spring chinook",0,386,NA,NA,NA,NA,NA,NA,NA,NA,NA,NA,NA,NA,NA,NA,0,1,NA
"CK:SP:COHA:2021:H",2021,"chinook","spring","Cowlitz River Hatchery Stock","Hatchery Origin","Cowlitz River Hatchery Stock spring chinook",0,1313,NA,NA,NA,NA,NA,NA,NA,NA,NA,NA,NA,NA,NA,NA,0,1,NA
"CK:SP:COHA:2022:H",2022,"chinook","spring","Cowlitz River Hatchery Stock","Hatchery Origin","Cowlitz River Hatchery Stock spring chinook",3,1331,NA,NA,NA,NA,NA,NA,NA,NA,NA,NA,NA,NA,NA,NA,0.00224887556221889,0.997751124437781,NA
"CK:SP:COHA:2023:H",2023,"chinook","spring","Cowlitz River Hatchery Stock","Hatchery Origin","Cowlitz River Hatchery Stock spring chinook",0,1240,NA,NA,NA,NA,NA,NA,NA,NA,NA,NA,NA,NA,NA,NA,0,1,NA
"CK:SP:COHA:2024:H",2024,"chinook","spring","Cowlitz River Hatchery Stock","Hatchery Origin","Cowlitz River Hatchery Stock spring chinook",306,980,NA,NA,NA,NA,NA,NA,NA,NA,NA,NA,NA,NA,NA,NA,0.237947122861586,0.762052877138414,NA
"CK:SP:COWL:2010:H",2010,"chinook","spring","Cowlitz River","Hatchery Origin","Cowlitz River spring chinook",0,1099,NA,NA,NA,NA,NA,NA,NA,NA,NA,NA,NA,NA,NA,NA,0,1,NA
"CK:SP:COWL:2011:H",2011,"chinook","spring","Cowlitz River","Hatchery Origin","Cowlitz River spring chinook",0,1623,NA,NA,NA,NA,NA,NA,NA,NA,NA,NA,NA,NA,NA,NA,0,1,NA
"CK:SP:COWL:2012:H",2012,"chinook","spring","Cowlitz River","Hatchery Origin","Cowlitz River spring chinook",0,1618,NA,NA,NA,NA,NA,NA,NA,NA,NA,NA,NA,NA,NA,NA,0,1,NA
"CK:SP:COWL:2013:H",2013,"chinook","spring","Cowlitz River","Hatchery Origin","Cowlitz River spring chinook",0,1851,NA,NA,NA,NA,NA,NA,NA,NA,NA,NA,NA,NA,NA,NA,0,1,NA
"CK:SP:COWL:2014:H",2014,"chinook","spring","Cowlitz River","Hatchery Origin","Cowlitz River spring chinook",0,1436,NA,NA,NA,NA,NA,NA,NA,NA,NA,NA,NA,NA,NA,NA,0,1,NA
"CK:SP:COWL:2015:H",2015,"chinook","spring","Cowlitz River","Hatchery Origin","Cowlitz River spring chinook",0,1462,NA,NA,NA,NA,NA,NA,NA,NA,NA,NA,NA,NA,NA,NA,0,1,NA
"CK:SP:COWL:2016:H",2016,"chinook","spring","Cowlitz River","Hatchery Origin","Cowlitz River spring chinook",0,1886,NA,NA,NA,NA,NA,NA,NA,NA,NA,NA,NA,NA,NA,NA,0,1,NA
"CK:SP:COWL:2017:H",2017,"chinook","spring","Cowlitz River","Hatchery Origin","Cowlitz River spring chinook",0,1714,NA,NA,NA,NA,NA,NA,NA,NA,NA,NA,NA,NA,NA,NA,0,1,NA
"CK:SP:KAHA:2016:H",2016,"chinook","spring","Kalama Hatchery Stock","Hatchery Origin","Kalama Hatchery Stock spring chinook",0,390,NA,NA,NA,NA,NA,NA,NA,NA,NA,NA,NA,NA,NA,NA,0,1,NA
"CK:SP:KAHA:2017:H",2017,"chinook","spring","Kalama Hatchery Stock","Hatchery Origin","Kalama Hatchery Stock spring chinook",0,339,NA,NA,NA,NA,NA,NA,NA,NA,NA,NA,NA,NA,NA,NA,0,1,NA
"CK:SP:KAHA:2018:H",2018,"chinook","spring","Kalama Hatchery Stock","Hatchery Origin","Kalama Hatchery Stock spring chinook",0,890,NA,NA,NA,NA,NA,NA,NA,NA,NA,NA,NA,NA,NA,NA,0,1,NA
"CK:SP:KAHA:2019:H",2019,"chinook","spring","Kalama Hatchery Stock","Hatchery Origin","Kalama Hatchery Stock spring chinook",0,609,NA,NA,NA,NA,NA,NA,NA,NA,NA,NA,NA,NA,NA,NA,0,1,NA
"CK:SP:KAHA:2020:H",2020,"chinook","spring","Kalama Hatchery Stock","Hatchery Origin","Kalama Hatchery Stock spring chinook",0,637,NA,NA,NA,NA,NA,NA,NA,NA,NA,NA,NA,NA,NA,NA,0,1,NA
"CK:SP:KAHA:2021:H",2021,"chinook","spring","Kalama Hatchery Stock","Hatchery Origin","Kalama Hatchery Stock spring chinook",0,848,NA,NA,NA,NA,NA,NA,NA,NA,NA,NA,NA,NA,NA,NA,0,1,NA
"CK:SP:KAHA:2022:H",2022,"chinook","spring","Kalama Hatchery Stock","Hatchery Origin","Kalama Hatchery Stock spring chinook",0,625,NA,NA,NA,NA,NA,NA,NA,NA,NA,NA,NA,NA,NA,NA,0,1,NA
"CK:SP:KAHA:2023:H",2023,"chinook","spring","Kalama Hatchery Stock","Hatchery Origin","Kalama Hatchery Stock spring chinook",0,608,NA,NA,NA,NA,NA,NA,NA,NA,NA,NA,NA,NA,NA,NA,0,1,NA
"CK:SP:KAHA:2024:H",2024,"chinook","spring","Kalama Hatchery Stock","Hatchery Origin","Kalama Hatchery Stock spring chinook",0,542,NA,NA,NA,NA,NA,NA,NA,NA,NA,NA,NA,NA,NA,NA,0,1,NA
"CK:SP:KALA:2010:H",2010,"chinook","spring","Kalama River","Hatchery Origin","Kalama River spring chinook",6,339,NA,NA,NA,NA,NA,NA,NA,NA,NA,NA,NA,NA,NA,NA,0.0173913043478261,0.982608695652174,NA
"CK:SP:KALA:2011:H",2011,"chinook","spring","Kalama River","Hatchery Origin","Kalama River spring chinook",0,311,NA,NA,NA,NA,NA,NA,NA,NA,NA,NA,NA,NA,NA,NA,0,1,NA
"CK:SP:KALA:2012:H",2012,"chinook","spring","Kalama River","Hatchery Origin","Kalama River spring chinook",1,248,NA,NA,NA,NA,NA,NA,NA,NA,NA,NA,NA,NA,NA,NA,0.00401606425702811,0.995983935742972,NA
"CK:SP:KALA:2013:H",2013,"chinook","spring","Kalama River","Hatchery Origin","Kalama River spring chinook",0,423,NA,NA,NA,NA,NA,NA,NA,NA,NA,NA,NA,NA,NA,NA,0,1,NA
"CK:SP:KALA:2014:H",2014,"chinook","spring","Kalama River","Hatchery Origin","Kalama River spring chinook",1,371,NA,NA,NA,NA,NA,NA,NA,NA,NA,NA,NA,NA,NA,NA,0.00268817204301075,0.997311827956989,NA
"CK:SP:KALA:2015:H",2015,"chinook","spring","Kalama River","Hatchery Origin","Kalama River spring chinook",0,375,NA,NA,NA,NA,NA,NA,NA,NA,NA,NA,NA,NA,NA,NA,0,1,NA
"CK:SP:LEHA:2016:H",2016,"chinook","spring","Lewis River Hatchery Stock","Hatchery Origin","Lewis River Hatchery Stock spring chinook",0,294,NA,NA,NA,NA,NA,NA,NA,NA,NA,NA,NA,NA,NA,NA,0,1,NA
"CK:SP:LEHA:2017:H",2017,"chinook","spring","Lewis River Hatchery Stock","Hatchery Origin","Lewis River Hatchery Stock spring chinook",1,912,NA,NA,NA,NA,NA,NA,NA,NA,NA,NA,NA,NA,NA,NA,0.00109529025191676,0.998904709748083,NA
"CK:SP:LEHA:2018:H",2018,"chinook","spring","Lewis River Hatchery Stock","Hatchery Origin","Lewis River Hatchery Stock spring chinook",0,1341,NA,NA,NA,NA,NA,NA,NA,NA,NA,NA,NA,NA,NA,NA,0,1,NA
"CK:SP:LEHA:2019:H",2019,"chinook","spring","Lewis River Hatchery Stock","Hatchery Origin","Lewis River Hatchery Stock spring chinook",4,937,NA,NA,NA,NA,NA,NA,NA,NA,NA,NA,NA,NA,NA,NA,0.00425079702444208,0.995749202975558,NA
"CK:SP:LEHA:2020:H",2020,"chinook","spring","Lewis River Hatchery Stock","Hatchery Origin","Lewis River Hatchery Stock spring chinook",7,1143,NA,NA,NA,NA,NA,NA,NA,NA,NA,NA,NA,NA,NA,NA,0.00608695652173913,0.993913043478261,NA
"CK:SP:LEHA:2021:H",2021,"chinook","spring","Lewis River Hatchery Stock","Hatchery Origin","Lewis River Hatchery Stock spring chinook",5,1191,NA,NA,NA,NA,NA,NA,NA,NA,NA,NA,NA,NA,NA,NA,0.00418060200668896,0.995819397993311,NA
"CK:SP:LEHA:2022:H",2022,"chinook","spring","Lewis River Hatchery Stock","Hatchery Origin","Lewis River Hatchery Stock spring chinook",3,1229,NA,NA,NA,NA,NA,NA,NA,NA,NA,NA,NA,NA,NA,NA,0.00243506493506494,0.997564935064935,NA
"CK:SP:LEHA:2023:H",2023,"chinook","spring","Lewis River Hatchery Stock","Hatchery Origin","Lewis River Hatchery Stock spring chinook",10,1023,NA,NA,NA,NA,NA,NA,NA,NA,NA,NA,NA,NA,NA,NA,0.00968054211035818,0.990319457889642,NA
"CK:SP:LEHA:2024:H",2024,"chinook","spring","Lewis River Hatchery Stock","Hatchery Origin","Lewis River Hatchery Stock spring chinook",1,843,NA,NA,NA,NA,NA,NA,NA,NA,NA,NA,NA,NA,NA,NA,0.00118483412322275,0.998815165876777,NA
"CK:SP:LEWI:2010:H",2010,"chinook","spring","Lewis River","Hatchery Origin","Lewis River spring chinook",2,807,NA,NA,NA,NA,NA,NA,NA,NA,NA,NA,NA,NA,NA,NA,0.00247218788627936,0.997527812113721,NA
"CK:SP:LEWI:2011:H",2011,"chinook","spring","Lewis River","Hatchery Origin","Lewis River spring chinook",0,650,NA,NA,NA,NA,NA,NA,NA,NA,NA,NA,NA,NA,NA,NA,0,1,NA
"CK:SP:LEWI:2012:H",2012,"chinook","spring","Lewis River","Hatchery Origin","Lewis River spring chinook",0,838,NA,NA,NA,NA,NA,NA,NA,NA,NA,NA,NA,NA,NA,NA,0,1,NA
"CK:SP:LEWI:2012:M",2012,"chinook","spring","Lewis River","Mixed Hatchery/Wild Origin","Lewis River spring chinook",29,41,"Salmon, Chinook (Lower Columbia River ESU) North Fork Lewis River - spring","BDB87F1F-D64E-47A8-8CE6-0B6BC415973F","was lewis spring chinook ever integrated?","1600","Same","Yes",NA,NA,NA,NA,NA,190,NA,NA,0.414285714285714,0.585714285714286,NA
"CK:SP:LEWI:2013:H",2013,"chinook","spring","Lewis River","Hatchery Origin","Lewis River spring chinook",0,1198,NA,NA,NA,NA,NA,NA,NA,NA,NA,NA,NA,NA,NA,NA,0,1,NA
"CK:SP:LEWI:2013:M",2013,"chinook","spring","Lewis River","Mixed Hatchery/Wild Origin","Lewis River spring chinook",36,36,"Salmon, Chinook (Lower Columbia River ESU) North Fork Lewis River - spring","BDB87F1F-D64E-47A8-8CE6-0B6BC415973F","was lewis spring chinook ever integrated?","1600","Same","Yes",NA,2,NA,0.997,NA,NA,0.997,0.003,0.5,0.5,0.334001336005344
"CK:SP:LEWI:2013:M",2013,"chinook","spring","Lewis River","Mixed Hatchery/Wild Origin","Lewis River spring chinook",36,36,"Salmon, Chinook (Lower Columbia River ESU) North Fork Lewis River - spring","BDB87F1F-D64E-47A8-8CE6-0B6BC415973F","was lewis spring chinook ever integrated?","1600","Same","Yes",NA,NA,NA,NA,NA,573,NA,NA,0.5,0.5,NA
"CK:SP:LEWI:2014:H",2014,"chinook","spring","Lewis River","Hatchery Origin","Lewis River spring chinook",0,807,NA,NA,NA,NA,NA,NA,NA,NA,NA,NA,NA,NA,NA,NA,0,1,NA
"CK:SP:LEWI:2014:M",2014,"chinook","spring","Lewis River","Mixed Hatchery/Wild Origin","Lewis River spring chinook",18,18,"Salmon, Chinook (Lower Columbia River ESU) North Fork Lewis River - spring","BDB87F1F-D64E-47A8-8CE6-0B6BC415973F","was lewis spring chinook ever integrated?","1600","Same","Yes",NA,0,NA,1,NA,NA,1,0,0.5,0.5,0.333333333333333
"CK:SP:LEWI:2014:M",2014,"chinook","spring","Lewis River","Mixed Hatchery/Wild Origin","Lewis River spring chinook",18,18,"Salmon, Chinook (Lower Columbia River ESU) North Fork Lewis River - spring","BDB87F1F-D64E-47A8-8CE6-0B6BC415973F","was lewis spring chinook ever integrated?","1600","Same","Yes",NA,NA,NA,NA,NA,403,NA,NA,0.5,0.5,NA
"CK:SP:LEWI:2015:H",2015,"chinook","spring","Lewis River","Hatchery Origin","Lewis River spring chinook",0,491,NA,NA,NA,NA,NA,NA,NA,NA,NA,NA,NA,NA,NA,NA,0,1,NA
"CK:SP:LEWI:2015:M",2015,"chinook","spring","Lewis River","Mixed Hatchery/Wild Origin","Lewis River spring chinook",12,12,"Salmon, Chinook (Lower Columbia River ESU) North Fork Lewis River - spring","BDB87F1F-D64E-47A8-8CE6-0B6BC415973F","was lewis spring chinook ever integrated?","1600","Same","Yes",NA,0,NA,1,NA,NA,1,0,0.5,0.5,0.333333333333333
"CK:SP:LEWI:2015:M",2015,"chinook","spring","Lewis River","Mixed Hatchery/Wild Origin","Lewis River spring chinook",12,12,"Salmon, Chinook (Lower Columbia River ESU) North Fork Lewis River - spring","BDB87F1F-D64E-47A8-8CE6-0B6BC415973F","was lewis spring chinook ever integrated?","1600","Same","Yes",NA,NA,NA,NA,NA,147,NA,NA,0.5,0.5,NA
"CK:SP:LEWI:2016:M",2016,"chinook","spring","Lewis River","Mixed Hatchery/Wild Origin","Lewis River spring chinook",16,16,"Salmon, Chinook (Lower Columbia River ESU) North Fork Lewis River - spring","BDB87F1F-D64E-47A8-8CE6-0B6BC415973F","was lewis spring chinook ever integrated?","1600","Same","Yes",NA,0,NA,1,NA,NA,1,0,0.5,0.5,0.333333333333333
"CK:SP:LEWI:2016:M",2016,"chinook","spring","Lewis River","Mixed Hatchery/Wild Origin","Lewis River spring chinook",16,16,"Salmon, Chinook (Lower Columbia River ESU) North Fork Lewis River - spring","BDB87F1F-D64E-47A8-8CE6-0B6BC415973F","was lewis spring chinook ever integrated?","1600","Same","Yes",NA,NA,NA,NA,NA,49,NA,NA,0.5,0.5,NA
"CK:SP:LEWI:2017:M",2017,"chinook","spring","Lewis River","Mixed Hatchery/Wild Origin","Lewis River spring chinook",35,9,"Salmon, Chinook (Lower Columbia River ESU) North Fork Lewis River - spring","BDB87F1F-D64E-47A8-8CE6-0B6BC415973F","was lewis spring chinook ever integrated?","1600","Same","Yes",NA,0,NA,1,NA,NA,1,0,0.795454545454545,0.204545454545455,0.443037974683544
"CK:SP:LEWI:2017:M",2017,"chinook","spring","Lewis River","Mixed Hatchery/Wild Origin","Lewis River spring chinook",35,9,"Salmon, Chinook (Lower Columbia River ESU) North Fork Lewis River - spring","BDB87F1F-D64E-47A8-8CE6-0B6BC415973F","was lewis spring chinook ever integrated?","1600","Same","Yes",NA,NA,NA,NA,NA,868,NA,NA,0.795454545454545,0.204545454545455,NA
"CO:NO:COHA:2018:H",2018,"coho","fall","Cowlitz River Hatchery Stock","Hatchery Origin","Cowlitz River Hatchery Stock fall coho",0,832,NA,NA,NA,NA,NA,NA,NA,NA,NA,NA,NA,NA,NA,NA,0,1,NA
"CO:NO:COHA:2019:H",2019,"coho","fall","Cowlitz River Hatchery Stock","Hatchery Origin","Cowlitz River Hatchery Stock fall coho",0,1279,NA,NA,NA,NA,NA,NA,NA,NA,NA,NA,NA,NA,NA,NA,0,1,NA
"CO:NO:COHA:2020:H",2020,"coho","fall","Cowlitz River Hatchery Stock","Hatchery Origin","Cowlitz River Hatchery Stock fall coho",0,912,NA,NA,NA,NA,NA,NA,NA,NA,NA,NA,NA,NA,NA,NA,0,1,NA
"CO:NO:COHA:2021:H",2021,"coho","fall","Cowlitz River Hatchery Stock","Hatchery Origin","Cowlitz River Hatchery Stock fall coho",0,1174,NA,NA,NA,NA,NA,NA,NA,NA,NA,NA,NA,NA,NA,NA,0,1,NA
"CO:NO:COWL:2010:H",2010,"coho","fall","Cowlitz River","Hatchery Origin","Cowlitz River fall coho",0,620,NA,NA,NA,NA,NA,NA,NA,NA,NA,NA,NA,NA,NA,NA,0,1,NA
"CO:NO:COWL:2010:W",2010,"coho","fall","Cowlitz River","Wild Origin","Cowlitz River fall coho",573,0,"Salmon, coho (Lower Columbia River ESU) Lower Cowlitz River - late","26A87887-9878-4DA6-A207-C9D26DAEC587",NA,"3692","Portion","Yes",NA,7002,NA,NA,NA,NA,NA,NA,1,0,NA
"CO:NO:COWL:2010:W",2010,"coho","fall","Cowlitz River","Wild Origin","Cowlitz River fall coho",573,0,"Salmon, coho (Lower Columbia River ESU) Lower Cowlitz River - late","26A87887-9878-4DA6-A207-C9D26DAEC587",NA,"3692","Portion","Yes",NA,NA,NA,0.141,NA,5473,0.141,0.859,1,0,0.876424189307625
"CO:NO:COWL:2011:H",2011,"coho","fall","Cowlitz River","Hatchery Origin","Cowlitz River fall coho",0,938,NA,NA,NA,NA,NA,NA,NA,NA,NA,NA,NA,NA,NA,NA,0,1,NA
"CO:NO:COWL:2011:W",2011,"coho","fall","Cowlitz River","Wild Origin","Cowlitz River fall coho",636,0,"Salmon, coho (Lower Columbia River ESU) Lower Cowlitz River - late","26A87887-9878-4DA6-A207-C9D26DAEC587",NA,"3692","Portion","Yes",NA,5254,NA,NA,NA,NA,NA,NA,1,0,NA
"CO:NO:COWL:2011:W",2011,"coho","fall","Cowlitz River","Wild Origin","Cowlitz River fall coho",636,0,"Salmon, coho (Lower Columbia River ESU) Lower Cowlitz River - late","26A87887-9878-4DA6-A207-C9D26DAEC587",NA,"3692","Portion","Yes",NA,NA,NA,0.113,NA,4216,0.113,0.887,1,0,0.898472596585804
"CO:NO:COWL:2012:H",2012,"coho","fall","Cowlitz River","Hatchery Origin","Cowlitz River fall coho",0,899,NA,NA,NA,NA,NA,NA,NA,NA,NA,NA,NA,NA,NA,NA,0,1,NA
"CO:NO:COWL:2012:W",2012,"coho","fall","Cowlitz River","Wild Origin","Cowlitz River fall coho",524,0,"Salmon, coho (Lower Columbia River ESU) Lower Cowlitz River - late","26A87887-9878-4DA6-A207-C9D26DAEC587",NA,"3692","Portion","Yes",NA,4979,NA,0.138,NA,6052,0.138,0.862,1,0,0.878734622144113
"CO:NO:COWL:2013:H",2013,"coho","fall","Cowlitz River","Hatchery Origin","Cowlitz River fall coho",0,931,NA,NA,NA,NA,NA,NA,NA,NA,NA,NA,NA,NA,NA,NA,0,1,NA
"CO:NO:COWL:2013:W",2013,"coho","fall","Cowlitz River","Wild Origin","Cowlitz River fall coho",142,520,"Salmon, coho (Lower Columbia River ESU) Lower Cowlitz River - late","26A87887-9878-4DA6-A207-C9D26DAEC587",NA,"3692","Portion","Yes",NA,6343,NA,0.193,NA,8007,0.193,0.807,0.214501510574018,0.785498489425982,0.526382123766524
"CO:NO:COWL:2014:H",2014,"coho","fall","Cowlitz River","Hatchery Origin","Cowlitz River fall coho",0,1268,NA,NA,NA,NA,NA,NA,NA,NA,NA,NA,NA,NA,NA,NA,0,1,NA
"CO:NO:COWL:2014:W",2014,"coho","fall","Cowlitz River","Wild Origin","Cowlitz River fall coho",762,0,"Salmon, coho (Lower Columbia River ESU) Lower Cowlitz River - late","26A87887-9878-4DA6-A207-C9D26DAEC587",NA,"3692","Portion","Yes",NA,25388,NA,0.046,NA,26703,0.046,0.954,1,0,0.956022944550669
"CO:NO:COWL:2015:H",2015,"coho","fall","Cowlitz River","Hatchery Origin","Cowlitz River fall coho",0,1730,NA,NA,NA,NA,NA,NA,NA,NA,NA,NA,NA,NA,NA,NA,0,1,NA
"CO:NO:COWL:2015:W",2015,"coho","fall","Cowlitz River","Wild Origin","Cowlitz River fall coho",368,786,"Salmon, coho (Lower Columbia River ESU) Lower Cowlitz River - late","26A87887-9878-4DA6-A207-C9D26DAEC587",NA,"3692","Portion","Yes",NA,2619,NA,0.075,NA,2881,0.075,0.925,0.318890814558059,0.681109185441941,0.809591904080959
"CO:NO:COWL:2016:H",2016,"coho","fall","Cowlitz River","Hatchery Origin","Cowlitz River fall coho",0,1117,NA,NA,NA,NA,NA,NA,NA,NA,NA,NA,NA,NA,NA,NA,0,1,NA
"CO:NO:COWL:2017:H",2017,"coho","fall","Cowlitz River","Hatchery Origin","Cowlitz River fall coho",0,1230,NA,NA,NA,NA,NA,NA,NA,NA,NA,NA,NA,NA,NA,NA,0,1,NA
"CO:NO:ELOC:2019:H",2019,"coho","fall","Elochoman River","Hatchery Origin","Elochoman River fall coho",0,530,NA,NA,NA,NA,NA,NA,NA,NA,NA,NA,NA,NA,NA,NA,0,1,NA
"CO:NO:ELOC:2019:M",2019,"coho","fall","Elochoman River","Mixed Hatchery/Wild Origin","Elochoman River fall coho",1,5,"Salmon, coho (Lower Columbia River ESU) Elochoman River - late","A8655092-2FE2-46DE-B49B-C5A2F4D44451",NA,"3645","Same","Yes",NA,1909,NA,0.361,NA,3040,0.361,0.639,0.166666666666667,0.833333333333333,0.315855969677827
"CO:NO:ELOC:2020:H",2020,"coho","fall","Elochoman River","Hatchery Origin","Elochoman River fall coho",0,141,NA,NA,NA,NA,NA,NA,NA,NA,NA,NA,NA,NA,NA,NA,0,1,NA
"CO:NO:ELOC:2020:M",2020,"coho","fall","Elochoman River","Mixed Hatchery/Wild Origin","Elochoman River fall coho",109,116,"Salmon, coho (Lower Columbia River ESU) Elochoman River - late","A8655092-2FE2-46DE-B49B-C5A2F4D44451",NA,"3645","Same","Yes",NA,2000,NA,0.211,NA,2594,0.211,0.789,0.484444444444444,0.515555555555556,0.696596900463333
"CO:NO:ELOC:2021:H",2021,"coho","fall","Elochoman River","Hatchery Origin","Elochoman River fall coho",0,868,NA,NA,NA,NA,NA,NA,NA,NA,NA,NA,NA,NA,NA,NA,0,1,NA
"CO:NO:ELOC:2021:M",2021,"coho","fall","Elochoman River","Mixed Hatchery/Wild Origin","Elochoman River fall coho",105,270,"Salmon, coho (Lower Columbia River ESU) Elochoman River - late","A8655092-2FE2-46DE-B49B-C5A2F4D44451",NA,"3645","Same","Yes",NA,1774,NA,0.456,NA,3259,0.456,0.544,0.28,0.72,0.380434782608696
"CO:NO:ELOC:2022:H",2022,"coho","fall","Elochoman River","Hatchery Origin","Elochoman River fall coho",0,929,NA,NA,NA,NA,NA,NA,NA,NA,NA,NA,NA,NA,NA,NA,0,1,NA
"CO:NO:ELOC:2022:M",2022,"coho","fall","Elochoman River","Mixed Hatchery/Wild Origin","Elochoman River fall coho",105,188,"Salmon, coho (Lower Columbia River ESU) Elochoman River - late","A8655092-2FE2-46DE-B49B-C5A2F4D44451",NA,"3645","Same","Yes",NA,1001,NA,0.16,NA,1205,0.16,0.84,0.358361774744027,0.641638225255973,0.691335264682644
"CO:NO:ELOC:2023:H",2023,"coho","fall","Elochoman River","Hatchery Origin","Elochoman River fall coho",0,959,NA,NA,NA,NA,NA,NA,NA,NA,NA,NA,NA,NA,NA,NA,0,1,NA
"CO:NO:ELOC:2023:M",2023,"coho","fall","Elochoman River","Mixed Hatchery/Wild Origin","Elochoman River fall coho",108,140,"Salmon, coho (Lower Columbia River ESU) Elochoman River - late","A8655092-2FE2-46DE-B49B-C5A2F4D44451",NA,"3645","Same","Yes",NA,1658,NA,0.154,NA,1983,0.154,0.846,0.435483870967742,0.564516129032258,0.738754514610923
"CO:NO:GRAY:2010:M",2010,"coho","fall","Grays River","Mixed Hatchery/Wild Origin","Grays River fall coho",47,153,"Salmon, coho (Lower Columbia River ESU) Grays and Chinook Rivers - late","B0BAF03F-4C1A-440C-94FB-7BF53CD15D9D","was grays coho every integrated (should there be unmarked fish in brood?)","3630","Same","Yes",NA,463,NA,0.79,NA,2180,0.79,0.21,0.235,0.765,0.229268292682927
"CO:NO:GRAY:2011:H",2011,"coho","fall","Grays River","Hatchery Origin","Grays River fall coho",0,523,NA,NA,NA,NA,NA,NA,NA,NA,NA,NA,NA,NA,NA,NA,0,1,NA
"CO:NO:GRAY:2012:M",2012,"coho","fall","Grays River","Mixed Hatchery/Wild Origin","Grays River fall coho",2,485,"Salmon, coho (Lower Columbia River ESU) Grays and Chinook Rivers - late","B0BAF03F-4C1A-440C-94FB-7BF53CD15D9D","was grays coho every integrated (should there be unmarked fish in brood?)","3630","Same","Yes",NA,460,NA,0.428,NA,820,0.428,0.572,0.00410677618069815,0.995893223819302,0.00950407724913988
"CO:NO:GRAY:2013:M",2013,"coho","fall","Grays River","Mixed Hatchery/Wild Origin","Grays River fall coho",20,210,"Salmon, coho (Lower Columbia River ESU) Grays and Chinook Rivers - late","B0BAF03F-4C1A-440C-94FB-7BF53CD15D9D","was grays coho every integrated (should there be unmarked fish in brood?)","3630","Same","Yes",NA,833,NA,0.646,NA,2375,0.646,0.354,0.0869565217391304,0.91304347826087,0.118638035354135
"CO:NO:GRAY:2014:H",2014,"coho","fall","Grays River","Hatchery Origin","Grays River fall coho",0,40,NA,NA,NA,NA,NA,NA,NA,NA,NA,NA,NA,NA,NA,NA,0,1,NA
"CO:NO:GRAY:2014:M",2014,"coho","fall","Grays River","Mixed Hatchery/Wild Origin","Grays River fall coho",70,110,"Salmon, coho (Lower Columbia River ESU) Grays and Chinook Rivers - late","B0BAF03F-4C1A-440C-94FB-7BF53CD15D9D","was grays coho every integrated (should there be unmarked fish in brood?)","3630","Same","Yes",NA,2746,NA,0.408,NA,4636,0.408,0.592,0.388888888888889,0.611111111111111,0.488008923591746
"CO:NO:GRAY:2015:H",2015,"coho","fall","Grays River","Hatchery Origin","Grays River fall coho",0,40,NA,NA,NA,NA,NA,NA,NA,NA,NA,NA,NA,NA,NA,NA,0,1,NA
"CO:NO:GRAY:2015:M",2015,"coho","fall","Grays River","Mixed Hatchery/Wild Origin","Grays River fall coho",51,166,"Salmon, coho (Lower Columbia River ESU) Grays and Chinook Rivers - late","B0BAF03F-4C1A-440C-94FB-7BF53CD15D9D","was grays coho every integrated (should there be unmarked fish in brood?)","3630","Same","Yes",NA,330,NA,0.468,NA,614,0.468,0.532,0.235023041474654,0.764976958525346,0.334303468890112
"CO:NO:GRAY:2016:H",2016,"coho","fall","Grays River","Hatchery Origin","Grays River fall coho",0,895,NA,NA,NA,NA,NA,NA,NA,NA,NA,NA,NA,NA,NA,NA,0,1,NA
"CO:NO:GRAY:2016:M",2016,"coho","fall","Grays River","Mixed Hatchery/Wild Origin","Grays River fall coho",7,0,"Salmon, coho (Lower Columbia River ESU) Grays and Chinook Rivers - late","B0BAF03F-4C1A-440C-94FB-7BF53CD15D9D","was grays coho every integrated (should there be unmarked fish in brood?)","3630","Same","Yes",NA,658,NA,0.576,NA,1551,0.576,0.424,1,0,0.634517766497462
"CO:NO:GRAY:2017:H",2017,"coho","fall","Grays River","Hatchery Origin","Grays River fall coho",0,157,NA,NA,NA,NA,NA,NA,NA,NA,NA,NA,NA,NA,NA,NA,0,1,NA
"CO:NO:GRAY:2018:H",2018,"coho","fall","Grays River","Hatchery Origin","Grays River fall coho",0,193,NA,NA,NA,NA,NA,NA,NA,NA,NA,NA,NA,NA,NA,NA,0,1,NA
"CO:NO:GRAY:2019:M",2019,"coho","fall","Grays River","Mixed Hatchery/Wild Origin","Grays River fall coho",3,173,"Salmon, coho (Lower Columbia River ESU) Grays and Chinook Rivers - late","B0BAF03F-4C1A-440C-94FB-7BF53CD15D9D","was grays coho every integrated (should there be unmarked fish in brood?)","3630","Same","Yes",NA,786,NA,0.566,NA,1790,0.566,0.434,0.0170454545454545,0.982954545454545,0.0292352069852655
"CO:NO:KAHA:2017:H",2017,"coho","fall","Kalama Hatchery Stock","Hatchery Origin","Kalama Hatchery Stock fall coho",0,403,NA,NA,NA,NA,NA,NA,NA,NA,NA,NA,NA,NA,NA,NA,0,1,NA
"CO:NO:KAHA:2018:H",2018,"coho","fall","Kalama Hatchery Stock","Hatchery Origin","Kalama Hatchery Stock fall coho",0,1845,NA,NA,NA,NA,NA,NA,NA,NA,NA,NA,NA,NA,NA,NA,0,1,NA
"CO:NO:KAHA:2019:H",2019,"coho","fall","Kalama Hatchery Stock","Hatchery Origin","Kalama Hatchery Stock fall coho",0,1175,NA,NA,NA,NA,NA,NA,NA,NA,NA,NA,NA,NA,NA,NA,0,1,NA
"CO:NO:KAHA:2020:H",2020,"coho","fall","Kalama Hatchery Stock","Hatchery Origin","Kalama Hatchery Stock fall coho",0,392,NA,NA,NA,NA,NA,NA,NA,NA,NA,NA,NA,NA,NA,NA,0,1,NA
"CO:NO:KAHA:2021:H",2021,"coho","fall","Kalama Hatchery Stock","Hatchery Origin","Kalama Hatchery Stock fall coho",0,456,NA,NA,NA,NA,NA,NA,NA,NA,NA,NA,NA,NA,NA,NA,0,1,NA
"CO:NO:KAHA:2022:H",2022,"coho","fall","Kalama Hatchery Stock","Hatchery Origin","Kalama Hatchery Stock fall coho",0,453,NA,NA,NA,NA,NA,NA,NA,NA,NA,NA,NA,NA,NA,NA,0,1,NA
"CO:NO:KAHA:2023:H",2023,"coho","fall","Kalama Hatchery Stock","Hatchery Origin","Kalama Hatchery Stock fall coho",0,384,NA,NA,NA,NA,NA,NA,NA,NA,NA,NA,NA,NA,NA,NA,0,1,NA
"CO:NO:KALA:2010:M",2010,"coho","fall","Kalama River","Mixed Hatchery/Wild Origin","Kalama River fall coho",75,278,"Salmon, coho (Lower Columbia River ESU) Kalama River - late","FC5372B1-0479-448C-B9C5-E8591AA89999","was kalama coho ever integrated?","3740","Same","Yes",NA,68,NA,0.957,NA,1593,0.957,0.043,0.212464589235127,0.787535410764873,0.181676804232343
"CO:NO:KALA:2011:M",2011,"coho","fall","Kalama River","Mixed Hatchery/Wild Origin","Kalama River fall coho",159,240,"Salmon, coho (Lower Columbia River ESU) Kalama River - late","FC5372B1-0479-448C-B9C5-E8591AA89999","was kalama coho ever integrated?","3740","Same","Yes",NA,39,NA,0.9,NA,393,0.9,0.1,0.398496240601504,0.601503759398496,0.306890561667632
"CO:NO:KALA:2012:H",2012,"coho","fall","Kalama River","Hatchery Origin","Kalama River fall coho",0,768,NA,NA,NA,NA,NA,NA,NA,NA,NA,NA,NA,NA,NA,NA,0,1,NA
"CO:NO:KALA:2012:M",2012,"coho","fall","Kalama River","Mixed Hatchery/Wild Origin","Kalama River fall coho",68,424,"Salmon, coho (Lower Columbia River ESU) Kalama River - late","FC5372B1-0479-448C-B9C5-E8591AA89999","was kalama coho ever integrated?","3740","Same","Yes",NA,40,NA,0.846,NA,261,0.846,0.154,0.138211382113821,0.861788617886179,0.140428554907565
"CO:NO:KALA:2013:M",2013,"coho","fall","Kalama River","Mixed Hatchery/Wild Origin","Kalama River fall coho",197,237,"Salmon, coho (Lower Columbia River ESU) Kalama River - late","FC5372B1-0479-448C-B9C5-E8591AA89999","was kalama coho ever integrated?","3740","Same","Yes",NA,49,NA,0.868,NA,364,0.868,0.132,0.453917050691244,0.546082949308756,0.343377862063195
"CO:NO:KALA:2014:M",2014,"coho","fall","Kalama River","Mixed Hatchery/Wild Origin","Kalama River fall coho",156,79,"Salmon, coho (Lower Columbia River ESU) Kalama River - late","FC5372B1-0479-448C-B9C5-E8591AA89999","was kalama coho ever integrated?","3740","Same","Yes",NA,128,NA,0.897,NA,1214,0.897,0.103,0.663829787234043,0.336170212765957,0.425305688463583
"CO:NO:KALA:2015:M",2015,"coho","fall","Kalama River","Mixed Hatchery/Wild Origin","Kalama River fall coho",44,857,"Salmon, coho (Lower Columbia River ESU) Kalama River - late","FC5372B1-0479-448C-B9C5-E8591AA89999","was kalama coho ever integrated?","3740","Same","Yes",NA,26,NA,0.881,NA,215,0.881,0.119,0.048834628190899,0.951165371809101,0.0525196919003892
"CO:NO:KALA:2016:M",2016,"coho","fall","Kalama River","Mixed Hatchery/Wild Origin","Kalama River fall coho",0,305,"Salmon, coho (Lower Columbia River ESU) Kalama River - late","FC5372B1-0479-448C-B9C5-E8591AA89999","was kalama coho ever integrated?","3740","Same","Yes",NA,64,NA,0.672,NA,198,0.672,0.328,0,1,0
"CO:NO:KLIC:2015:H",2015,"coho","fall","Klickitat River","Hatchery Origin","Klickitat River fall coho",0,92,NA,NA,NA,NA,NA,NA,NA,NA,NA,NA,NA,NA,NA,NA,0,1,NA
"CO:NO:LEWI:2010:H",2010,"coho","fall","Lewis River","Hatchery Origin","Lewis River fall coho",0,1734,NA,NA,NA,NA,NA,NA,NA,NA,NA,NA,NA,NA,NA,NA,0,1,NA
"CO:NO:LEWI:2010:W",2010,"coho","fall","Lewis River","Wild Origin","Lewis River fall coho",210,0,"Salmon, coho (Lower Columbia River ESU) North Fork Lewis River - early and late","48D5363E-85A4-45B3-AC34-112780345C7E",NA,"3031","Same","Yes",NA,2160,NA,0.267,NA,2960,0.267,0.733,1,0,0.789265982636148
"CO:NO:LEWI:2011:H",2011,"coho","fall","Lewis River","Hatchery Origin","Lewis River fall coho",0,1967,NA,NA,NA,NA,NA,NA,NA,NA,NA,NA,NA,NA,NA,NA,0,1,NA
"CO:NO:LEWI:2011:M",2011,"coho","fall","Lewis River","Mixed Hatchery/Wild Origin","Lewis River fall coho",224,0,"Salmon, coho (Lower Columbia River ESU) North Fork Lewis River - early and late","48D5363E-85A4-45B3-AC34-112780345C7E",NA,"3031","Same","Yes",NA,1402,NA,0.232,NA,1827,0.232,0.768,1,0,0.811688311688312
"CO:NO:LEWI:2012:H",2012,"coho","fall","Lewis River","Hatchery Origin","Lewis River fall coho",24,2040,NA,NA,NA,NA,NA,NA,NA,NA,NA,NA,NA,NA,NA,NA,0.0116279069767442,0.988372093023256,NA
"CO:NO:LEWI:2012:M",2012,"coho","fall","Lewis River","Mixed Hatchery/Wild Origin","Lewis River fall coho",144,0,"Salmon, coho (Lower Columbia River ESU) North Fork Lewis River - early and late","48D5363E-85A4-45B3-AC34-112780345C7E",NA,"3031","Same","Yes",NA,1514,NA,0.156,NA,1800,0.156,0.844,1,0,0.865051903114187
"CO:NO:LEWI:2013:H",2013,"coho","fall","Lewis River","Hatchery Origin","Lewis River fall coho",0,1924,NA,NA,NA,NA,NA,NA,NA,NA,NA,NA,NA,NA,NA,NA,0,1,NA
"CO:NO:LEWI:2013:M",2013,"coho","fall","Lewis River","Mixed Hatchery/Wild Origin","Lewis River fall coho",162,0,"Salmon, coho (Lower Columbia River ESU) North Fork Lewis River - early and late","48D5363E-85A4-45B3-AC34-112780345C7E",NA,"3031","Same","Yes",NA,1374,NA,0.845,NA,8878,0.845,0.155,1,0,0.542005420054201
"CO:NO:LEWI:2014:H",2014,"coho","fall","Lewis River","Hatchery Origin","Lewis River fall coho",0,1434,NA,NA,NA,NA,NA,NA,NA,NA,NA,NA,NA,NA,NA,NA,0,1,NA
"CO:NO:LEWI:2014:M",2014,"coho","fall","Lewis River","Mixed Hatchery/Wild Origin","Lewis River fall coho",145,597,"Salmon, coho (Lower Columbia River ESU) North Fork Lewis River - early and late","48D5363E-85A4-45B3-AC34-112780345C7E",NA,"3031","Same","Yes",NA,4835,NA,0.654,NA,13945,0.654,0.346,0.195417789757412,0.804582210242588,0.230060862997963
"CO:NO:LEWI:2014:W",2014,"coho","fall","Lewis River","Wild Origin","Lewis River fall coho",171,0,"Salmon, coho (Lower Columbia River ESU) North Fork Lewis River - early and late","48D5363E-85A4-45B3-AC34-112780345C7E",NA,"3031","Same","Yes",NA,4835,NA,0.654,NA,13945,0.654,0.346,1,0,0.60459492140266
"CO:NO:LEWI:2015:H",2015,"coho","fall","Lewis River","Hatchery Origin","Lewis River fall coho",2,3934,NA,NA,NA,NA,NA,NA,NA,NA,NA,NA,NA,NA,NA,NA,0.000508130081300813,0.999491869918699,NA
"CO:NO:LEWI:2015:M",2015,"coho","fall","Lewis River","Mixed Hatchery/Wild Origin","Lewis River fall coho",28,831,"Salmon, coho (Lower Columbia River ESU) North Fork Lewis River - early and late","48D5363E-85A4-45B3-AC34-112780345C7E",NA,"3031","Same","Yes",NA,1020,NA,0.786,NA,4761,0.786,0.214,0.0325960419091967,0.967403958090803,0.0398194472491873
"CO:NO:LEWI:2016:H",2016,"coho","fall","Lewis River","Hatchery Origin","Lewis River fall coho",0,1197,NA,NA,NA,NA,NA,NA,NA,NA,NA,NA,NA,NA,NA,NA,0,1,NA
"CO:NO:LEWI:2016:M",2016,"coho","fall","Lewis River","Mixed Hatchery/Wild Origin","Lewis River fall coho",216,436,"Salmon, coho (Lower Columbia River ESU) North Fork Lewis River - early and late","48D5363E-85A4-45B3-AC34-112780345C7E",NA,"3031","Same","Yes",NA,3524,NA,0.635,NA,9636,0.635,0.365,0.331288343558282,0.668711656441718,0.342846258848925
"CO:NO:LEWI:2017:H",2017,"coho","fall","Lewis River","Hatchery Origin","Lewis River fall coho",0,2348,NA,NA,NA,NA,NA,NA,NA,NA,NA,NA,NA,NA,NA,NA,0,1,NA
"CO:NO:LEWI:2017:M",2017,"coho","fall","Lewis River","Mixed Hatchery/Wild Origin","Lewis River fall coho",98,562,"Salmon, coho (Lower Columbia River ESU) North Fork Lewis River - early and late","48D5363E-85A4-45B3-AC34-112780345C7E",NA,"3031","Same","Yes",NA,4471,NA,0.532,NA,9552,0.532,0.468,0.148484848484848,0.851515151515152,0.218204488778055
"CO:NO:LEWI:2018:H",2018,"coho","fall","Lewis River","Hatchery Origin","Lewis River fall coho",0,416,NA,NA,NA,NA,NA,NA,NA,NA,NA,NA,NA,NA,NA,NA,0,1,NA
"CO:NO:LEWI:2018:M",2018,"coho","fall","Lewis River","Mixed Hatchery/Wild Origin","Lewis River fall coho",22,658,"Salmon, coho (Lower Columbia River ESU) North Fork Lewis River - early and late","48D5363E-85A4-45B3-AC34-112780345C7E",NA,"3031","Same","Yes",NA,3011,NA,0.711,NA,10492,0.711,0.289,0.0323529411764706,0.967647058823529,0.0435229880509615
"CO:NO:LEWI:2019:H",2019,"coho","fall","Lewis River","Hatchery Origin","Lewis River fall coho",0,1014,NA,NA,NA,NA,NA,NA,NA,NA,NA,NA,NA,NA,NA,NA,0,1,NA
"CO:NO:LEWI:2019:M",2019,"coho","fall","Lewis River","Mixed Hatchery/Wild Origin","Lewis River fall coho",51,687,"Salmon, coho (Lower Columbia River ESU) North Fork Lewis River - early and late","48D5363E-85A4-45B3-AC34-112780345C7E",NA,"3031","Same","Yes",NA,3930,NA,0.554,NA,8847,0.554,0.446,0.0691056910569106,0.930894308943089,0.110905247775371
"CO:NO:LEWI:2020:H",2020,"coho","fall","Lewis River","Hatchery Origin","Lewis River fall coho",0,892,NA,NA,NA,NA,NA,NA,NA,NA,NA,NA,NA,NA,NA,NA,0,1,NA
"CO:NO:LEWI:2020:M",2020,"coho","fall","Lewis River","Mixed Hatchery/Wild Origin","Lewis River fall coho",215,421,"Salmon, coho (Lower Columbia River ESU) North Fork Lewis River - early and late","48D5363E-85A4-45B3-AC34-112780345C7E",NA,"3031","Same","Yes",NA,6704,NA,0.546,NA,14826,0.546,0.454,0.338050314465409,0.661949685534591,0.382388093679747
"CO:NO:LEWI:2021:H",2021,"coho","fall","Lewis River","Hatchery Origin","Lewis River fall coho",0,1037,NA,NA,NA,NA,NA,NA,NA,NA,NA,NA,NA,NA,NA,NA,0,1,NA
"CO:NO:LEWI:2021:M",2021,"coho","fall","Lewis River","Mixed Hatchery/Wild Origin","Lewis River fall coho",390,444,"Salmon, coho (Lower Columbia River ESU) North Fork Lewis River - early and late","48D5363E-85A4-45B3-AC34-112780345C7E",NA,"3031","Same","Yes",NA,4870,NA,0.605,NA,12356,0.605,0.395,0.467625899280576,0.532374100719424,0.435963647338945
"CO:NO:LEWI:2022:H",2022,"coho","fall","Lewis River","Hatchery Origin","Lewis River fall coho",0,1070,NA,NA,NA,NA,NA,NA,NA,NA,NA,NA,NA,NA,NA,NA,0,1,NA
"CO:NO:LEWI:2022:M",2022,"coho","fall","Lewis River","Mixed Hatchery/Wild Origin","Lewis River fall coho",79,732,"Salmon, coho (Lower Columbia River ESU) North Fork Lewis River - early and late","48D5363E-85A4-45B3-AC34-112780345C7E",NA,"3031","Same","Yes",NA,5742,NA,0.588,NA,13940,0.588,0.412,0.0974106041923551,0.902589395807645,0.142120071671692
"CO:NO:LEWI:2023:H",2023,"coho","fall","Lewis River","Hatchery Origin","Lewis River fall coho",0,1114,NA,NA,NA,NA,NA,NA,NA,NA,NA,NA,NA,NA,NA,NA,0,1,NA
"CO:NO:LEWI:2023:M",2023,"coho","fall","Lewis River","Mixed Hatchery/Wild Origin","Lewis River fall coho",100,698,"Salmon, coho (Lower Columbia River ESU) North Fork Lewis River - early and late","48D5363E-85A4-45B3-AC34-112780345C7E",NA,"3031","Same","Yes",NA,4592,NA,0.642,NA,12886,0.642,0.358,0.12531328320802,0.87468671679198,0.163314367091502
"CO:NO:UCOW:2016:H",2016,"coho","fall","Upper Cowlitz River","Hatchery Origin","Upper Cowlitz River fall coho",771,0,NA,NA,NA,NA,NA,NA,NA,NA,NA,NA,NA,NA,NA,NA,1,0,NA
"CO:NO:UCOW:2017:H",2017,"coho","fall","Upper Cowlitz River","Hatchery Origin","Upper Cowlitz River fall coho",790,2,NA,NA,NA,NA,NA,NA,NA,NA,NA,NA,NA,NA,NA,NA,0.997474747474748,0.00252525252525249,NA
"CO:NO:UCOW:2018:M",2018,"coho","fall","Upper Cowlitz River","Mixed Hatchery/Wild Origin","Upper Cowlitz River fall coho",545,156,"Salmon, coho (Lower Columbia River ESU) Upper Cowlitz River - early and late","F6D6E39E-80E1-4A22-A52D-EB733334D579",NA,"3694","Multiple","Yes",NA,172,NA,0.971,NA,5963,0.971,0.029,0.777460770328103,0.222539229671897,0.444654397468815
"CO:NO:UCOW:2019:M",2019,"coho","fall","Upper Cowlitz River","Mixed Hatchery/Wild Origin","Upper Cowlitz River fall coho",758,0,"Salmon, coho (Lower Columbia River ESU) Upper Cowlitz River - early and late","F6D6E39E-80E1-4A22-A52D-EB733334D579",NA,"3694","Multiple","Yes",NA,3560,NA,0.633,NA,9703,0.633,0.367,1,0,0.612369871402327
"CO:NO:UCOW:2020:M",2020,"coho","fall","Upper Cowlitz River","Mixed Hatchery/Wild Origin","Upper Cowlitz River fall coho",657,0,"Salmon, coho (Lower Columbia River ESU) Upper Cowlitz River - early and late","F6D6E39E-80E1-4A22-A52D-EB733334D579",NA,"3694","Multiple","Yes",NA,8909,NA,0.58,NA,21238,0.58,0.42,1,0,0.632911392405063
"CO:NO:UCOW:2021:M",2021,"coho","fall","Upper Cowlitz River","Mixed Hatchery/Wild Origin","Upper Cowlitz River fall coho",740,2,"Salmon, coho (Lower Columbia River ESU) Upper Cowlitz River - early and late","F6D6E39E-80E1-4A22-A52D-EB733334D579",NA,"3694","Multiple","Yes",NA,9663,NA,0.671,NA,29378,0.671,0.329,0.997304582210243,0.00269541778975746,0.597795266430888
"CO:NO:UCOW:2022:M",2022,"coho","fall","Upper Cowlitz River","Mixed Hatchery/Wild Origin","Upper Cowlitz River fall coho",1271,559,"Salmon, coho (Lower Columbia River ESU) Upper Cowlitz River - early and late","F6D6E39E-80E1-4A22-A52D-EB733334D579",NA,"3694","Multiple","Yes",NA,11506,NA,0.508,NA,23379,0.508,0.492,0.694535519125683,0.305464480874317,0.577559255489312
"CO:NO:UCOW:2023:M",2023,"coho","fall","Upper Cowlitz River","Mixed Hatchery/Wild Origin","Upper Cowlitz River fall coho",854,882,"Salmon, coho (Lower Columbia River ESU) Upper Cowlitz River - early and late","F6D6E39E-80E1-4A22-A52D-EB733334D579",NA,"3694","Multiple","Yes",NA,6264,NA,0.523,NA,13155,0.523,0.477,0.491935483870968,0.508064516129032,0.484696309951371
"CO:NO:WASH:2012:H",2012,"coho","fall","Washougal River","Hatchery Origin","Washougal River fall coho",0,1155,NA,NA,NA,NA,NA,NA,NA,NA,NA,NA,NA,NA,NA,NA,0,1,NA
"CO:NO:WASH:2012:M",2012,"coho","fall","Washougal River","Mixed Hatchery/Wild Origin","Washougal River fall coho",13,0,"Salmon, coho (Lower Columbia River ESU) Washougal River - late","40B850DA-D2AF-43DE-9E39-495518B517BE",NA,"3780","Same","Yes",NA,422,NA,0.124,NA,493,0.124,0.876,1,0,0.889679715302491
"CO:NO:WASH:2013:H",2013,"coho","fall","Washougal River","Hatchery Origin","Washougal River fall coho",0,1744,NA,NA,NA,NA,NA,NA,NA,NA,NA,NA,NA,NA,NA,NA,0,1,NA
"CO:NO:WASH:2013:M",2013,"coho","fall","Washougal River","Mixed Hatchery/Wild Origin","Washougal River fall coho",91,2,"Salmon, coho (Lower Columbia River ESU) Washougal River - late","40B850DA-D2AF-43DE-9E39-495518B517BE",NA,"3780","Same","Yes",NA,464,NA,0.345,NA,719,0.345,0.655,0.978494623655914,0.021505376344086,0.739326481699638
"CO:NO:WASH:2014:H",2014,"coho","fall","Washougal River","Hatchery Origin","Washougal River fall coho",0,1898,NA,NA,NA,NA,NA,NA,NA,NA,NA,NA,NA,NA,NA,NA,0,1,NA
"CO:NO:WASH:2014:M",2014,"coho","fall","Washougal River","Mixed Hatchery/Wild Origin","Washougal River fall coho",61,61,"Salmon, coho (Lower Columbia River ESU) Washougal River - late","40B850DA-D2AF-43DE-9E39-495518B517BE",NA,"3780","Same","Yes",NA,883,NA,0.685,NA,2777,0.685,0.315,0.5,0.5,0.421940928270042
"CO:NO:WASH:2015:H",2015,"coho","fall","Washougal River","Hatchery Origin","Washougal River fall coho",0,419,NA,NA,NA,NA,NA,NA,NA,NA,NA,NA,NA,NA,NA,NA,0,1,NA
"CO:NO:WASH:2015:M",2015,"coho","fall","Washougal River","Mixed Hatchery/Wild Origin","Washougal River fall coho",34,34,"Salmon, coho (Lower Columbia River ESU) Washougal River - late","40B850DA-D2AF-43DE-9E39-495518B517BE",NA,"3780","Same","Yes",NA,147,NA,0.626,NA,396,0.626,0.374,0.5,0.5,0.44404973357016
"CO:NO:WASH:2016:M",2016,"coho","fall","Washougal River","Mixed Hatchery/Wild Origin","Washougal River fall coho",52,52,"Salmon, coho (Lower Columbia River ESU) Washougal River - late","40B850DA-D2AF-43DE-9E39-495518B517BE",NA,"3780","Same","Yes",NA,314,NA,0.726,NA,1141,0.726,0.274,0.5,0.5,0.407830342577488
"CO:NO:WASH:2017:M",2017,"coho","fall","Washougal River","Mixed Hatchery/Wild Origin","Washougal River fall coho",65,65,"Salmon, coho (Lower Columbia River ESU) Washougal River - late","40B850DA-D2AF-43DE-9E39-495518B517BE",NA,"3780","Same","Yes",NA,277,NA,0.754,NA,1130,0.754,0.246,0.5,0.5,0.398724082934609
"CO:NO:WASH:2018:M",2018,"coho","fall","Washougal River","Mixed Hatchery/Wild Origin","Washougal River fall coho",61,61,"Salmon, coho (Lower Columbia River ESU) Washougal River - late","40B850DA-D2AF-43DE-9E39-495518B517BE",NA,"3780","Same","Yes",NA,298,NA,0.703,NA,997,0.703,0.297,0.5,0.5,0.415627597672486
"CO:NO:WASH:2019:M",2019,"coho","fall","Washougal River","Mixed Hatchery/Wild Origin","Washougal River fall coho",43,43,"Salmon, coho (Lower Columbia River ESU) Washougal River - late","40B850DA-D2AF-43DE-9E39-495518B517BE",NA,"3780","Same","Yes",NA,559,NA,0.552,NA,1265,0.552,0.448,0.5,0.5,0.475285171102662
"CO:NO:WASH:2020:M",2020,"coho","fall","Washougal River","Mixed Hatchery/Wild Origin","Washougal River fall coho",38,38,"Salmon, coho (Lower Columbia River ESU) Washougal River - late","40B850DA-D2AF-43DE-9E39-495518B517BE",NA,"3780","Same","Yes",NA,858,NA,0.614,NA,2249,0.614,0.386,0.5,0.5,0.448833034111311
"CO:NO:WASH:2021:M",2021,"coho","fall","Washougal River","Mixed Hatchery/Wild Origin","Washougal River fall coho",44,44,"Salmon, coho (Lower Columbia River ESU) Washougal River - late","40B850DA-D2AF-43DE-9E39-495518B517BE",NA,"3780","Same","Yes",NA,752,NA,0.182,NA,932,0.182,0.818,0.5,0.5,0.733137829912023
"CO:NO:WASH:2022:M",2022,"coho","fall","Washougal River","Mixed Hatchery/Wild Origin","Washougal River fall coho",48,48,"Salmon, coho (Lower Columbia River ESU) Washougal River - late","40B850DA-D2AF-43DE-9E39-495518B517BE",NA,"3780","Same","Yes",NA,782,NA,0.379,NA,1271,0.379,0.621,0.5,0.5,0.568828213879408
"CO:NO:WASH:2023:M",2023,"coho","fall","Washougal River","Mixed Hatchery/Wild Origin","Washougal River fall coho",43,43,"Salmon, coho (Lower Columbia River ESU) Washougal River - late","40B850DA-D2AF-43DE-9E39-495518B517BE",NA,"3780","Same","Yes",NA,500,NA,0.268,NA,695,0.268,0.732,0.5,0.5,0.651041666666667
"CO:NO:WSHA:2016:H",2016,"coho","fall","Washougal River Hatchery Stock","Hatchery Origin","Washougal River Hatchery Stock fall coho",0,1936,NA,NA,NA,NA,NA,NA,NA,NA,NA,NA,NA,NA,NA,NA,0,1,NA
"CO:NO:WSHA:2017:H",2017,"coho","fall","Washougal River Hatchery Stock","Hatchery Origin","Washougal River Hatchery Stock fall coho",0,1767,NA,NA,NA,NA,NA,NA,NA,NA,NA,NA,NA,NA,NA,NA,0,1,NA
"CO:NO:WSHA:2018:H",2018,"coho","fall","Washougal River Hatchery Stock","Hatchery Origin","Washougal River Hatchery Stock fall coho",0,1733,NA,NA,NA,NA,NA,NA,NA,NA,NA,NA,NA,NA,NA,NA,0,1,NA
"CO:NO:WSHA:2019:H",2019,"coho","fall","Washougal River Hatchery Stock","Hatchery Origin","Washougal River Hatchery Stock fall coho",0,1157,NA,NA,NA,NA,NA,NA,NA,NA,NA,NA,NA,NA,NA,NA,0,1,NA
"CO:NO:WSHA:2020:H",2020,"coho","fall","Washougal River Hatchery Stock","Hatchery Origin","Washougal River Hatchery Stock fall coho",0,1674,NA,NA,NA,NA,NA,NA,NA,NA,NA,NA,NA,NA,NA,NA,0,1,NA
"CO:NO:WSHA:2021:H",2021,"coho","fall","Washougal River Hatchery Stock","Hatchery Origin","Washougal River Hatchery Stock fall coho",0,1793,NA,NA,NA,NA,NA,NA,NA,NA,NA,NA,NA,NA,NA,NA,0,1,NA
"CO:NO:WSHA:2022:H",2022,"coho","fall","Washougal River Hatchery Stock","Hatchery Origin","Washougal River Hatchery Stock fall coho",0,2015,NA,NA,NA,NA,NA,NA,NA,NA,NA,NA,NA,NA,NA,NA,0,1,NA
"CO:NO:WSHA:2023:H",2023,"coho","fall","Washougal River Hatchery Stock","Hatchery Origin","Washougal River Hatchery Stock fall coho",0,1935,NA,NA,NA,NA,NA,NA,NA,NA,NA,NA,NA,NA,NA,NA,0,1,NA
"CO:SO:GRAY:2010:M",2010,"coho","fall","Grays River","Mixed Hatchery/Wild Origin","Grays River fall coho",0,60,"Salmon, coho (Lower Columbia River ESU) Grays and Chinook Rivers - late","B0BAF03F-4C1A-440C-94FB-7BF53CD15D9D","was grays coho every integrated (should there be unmarked fish in brood?)","3630","Same","Yes",NA,463,NA,0.79,NA,2180,0.79,0.21,0,1,0
"CO:SO:KALA:2010:M",2010,"coho","fall","Kalama River","Mixed Hatchery/Wild Origin","Kalama River fall coho",0,95,"Salmon, coho (Lower Columbia River ESU) Kalama River - late","FC5372B1-0479-448C-B9C5-E8591AA89999","was kalama coho ever integrated?","3740","Same","Yes",NA,68,NA,0.957,NA,1593,0.957,0.043,0,1,0
"CO:SO:KALA:2011:M",2011,"coho","fall","Kalama River","Mixed Hatchery/Wild Origin","Kalama River fall coho",0,86,"Salmon, coho (Lower Columbia River ESU) Kalama River - late","FC5372B1-0479-448C-B9C5-E8591AA89999","was kalama coho ever integrated?","3740","Same","Yes",NA,39,NA,0.9,NA,393,0.9,0.1,0,1,0
"CO:SO:KALA:2012:M",2012,"coho","fall","Kalama River","Mixed Hatchery/Wild Origin","Kalama River fall coho",27,77,"Salmon, coho (Lower Columbia River ESU) Kalama River - late","FC5372B1-0479-448C-B9C5-E8591AA89999","was kalama coho ever integrated?","3740","Same","Yes",NA,40,NA,0.846,NA,261,0.846,0.154,0.259615384615385,0.740384615384615,0.234815278647464
"CO:SO:KALA:2013:M",2013,"coho","fall","Kalama River","Mixed Hatchery/Wild Origin","Kalama River fall coho",38,106,"Salmon, coho (Lower Columbia River ESU) Kalama River - late","FC5372B1-0479-448C-B9C5-E8591AA89999","was kalama coho ever integrated?","3740","Same","Yes",NA,49,NA,0.868,NA,364,0.868,0.132,0.263888888888889,0.736111111111111,0.233140276823402
"CO:SO:KALA:2015:H",2015,"coho","fall","Kalama River","Hatchery Origin","Kalama River fall coho",0,381,NA,NA,NA,NA,NA,NA,NA,NA,NA,NA,NA,NA,NA,NA,0,1,NA
"CO:SO:LEHA:2016:H",2016,"coho","fall","Lewis River Hatchery Stock","Hatchery Origin","Lewis River Hatchery Stock fall coho",1,1021,NA,NA,NA,NA,NA,NA,NA,NA,NA,NA,NA,NA,NA,NA,0.000978473581213307,0.999021526418787,NA
"CO:SO:LEHA:2017:H",2017,"coho","fall","Lewis River Hatchery Stock","Hatchery Origin","Lewis River Hatchery Stock fall coho",0,1220,NA,NA,NA,NA,NA,NA,NA,NA,NA,NA,NA,NA,NA,NA,0,1,NA
"CO:SO:LEHA:2018:H",2018,"coho","fall","Lewis River Hatchery Stock","Hatchery Origin","Lewis River Hatchery Stock fall coho",0,1194,NA,NA,NA,NA,NA,NA,NA,NA,NA,NA,NA,NA,NA,NA,0,1,NA
"CO:SO:LEHA:2019:H",2019,"coho","fall","Lewis River Hatchery Stock","Hatchery Origin","Lewis River Hatchery Stock fall coho",0,1312,NA,NA,NA,NA,NA,NA,NA,NA,NA,NA,NA,NA,NA,NA,0,1,NA
"CO:SO:LEHA:2020:H",2020,"coho","fall","Lewis River Hatchery Stock","Hatchery Origin","Lewis River Hatchery Stock fall coho",0,1196,NA,NA,NA,NA,NA,NA,NA,NA,NA,NA,NA,NA,NA,NA,0,1,NA
"CO:SO:LEHA:2021:H",2021,"coho","fall","Lewis River Hatchery Stock","Hatchery Origin","Lewis River Hatchery Stock fall coho",0,1217,NA,NA,NA,NA,NA,NA,NA,NA,NA,NA,NA,NA,NA,NA,0,1,NA
"CO:SO:LEHA:2022:H",2022,"coho","fall","Lewis River Hatchery Stock","Hatchery Origin","Lewis River Hatchery Stock fall coho",0,1048,NA,NA,NA,NA,NA,NA,NA,NA,NA,NA,NA,NA,NA,NA,0,1,NA
"CO:SO:LEHA:2023:H",2023,"coho","fall","Lewis River Hatchery Stock","Hatchery Origin","Lewis River Hatchery Stock fall coho",0,977,NA,NA,NA,NA,NA,NA,NA,NA,NA,NA,NA,NA,NA,NA,0,1,NA
"CO:SO:LEWI:2010:H",2010,"coho","fall","Lewis River","Hatchery Origin","Lewis River fall coho",0,1045,NA,NA,NA,NA,NA,NA,NA,NA,NA,NA,NA,NA,NA,NA,0,1,NA
"CO:SO:LEWI:2011:H",2011,"coho","fall","Lewis River","Hatchery Origin","Lewis River fall coho",0,1288,NA,NA,NA,NA,NA,NA,NA,NA,NA,NA,NA,NA,NA,NA,0,1,NA
"CO:SO:LEWI:2012:H",2012,"coho","fall","Lewis River","Hatchery Origin","Lewis River fall coho",0,448,NA,NA,NA,NA,NA,NA,NA,NA,NA,NA,NA,NA,NA,NA,0,1,NA
"CO:SO:LEWI:2013:H",2013,"coho","fall","Lewis River","Hatchery Origin","Lewis River fall coho",0,1264,NA,NA,NA,NA,NA,NA,NA,NA,NA,NA,NA,NA,NA,NA,0,1,NA
"CO:SO:LEWI:2014:H",2014,"coho","fall","Lewis River","Hatchery Origin","Lewis River fall coho",0,1363,NA,NA,NA,NA,NA,NA,NA,NA,NA,NA,NA,NA,NA,NA,0,1,NA
"CO:SO:LEWI:2015:H",2015,"coho","fall","Lewis River","Hatchery Origin","Lewis River fall coho",0,1725,NA,NA,NA,NA,NA,NA,NA,NA,NA,NA,NA,NA,NA,NA,0,1,NA
"CO:SO:TOUT:2010:H",2010,"coho","fall","Toutle River","Hatchery Origin","Toutle River fall coho",0,370,NA,NA,NA,NA,NA,NA,NA,NA,NA,NA,NA,NA,NA,NA,0,1,NA
"CO:SO:TOUT:2010:M",2010,"coho","fall","Toutle River","Mixed Hatchery/Wild Origin","Toutle River fall coho",52,52,"Salmon, coho (Lower Columbia River ESU) North Fork Toutle River - early and late","DB8AF0AD-BAE9-480B-8A2F-643BF842E6B1",NA,"3793","Same","Yes",NA,1737,NA,0.56,NA,3971,0.56,0.44,0.5,0.5,0.471698113207547
"CO:SO:TOUT:2011:H",2011,"coho","fall","Toutle River","Hatchery Origin","Toutle River fall coho",0,408,NA,NA,NA,NA,NA,NA,NA,NA,NA,NA,NA,NA,NA,NA,0,1,NA
"CO:SO:TOUT:2011:M",2011,"coho","fall","Toutle River","Mixed Hatchery/Wild Origin","Toutle River fall coho",132,0,"Salmon, coho (Lower Columbia River ESU) North Fork Toutle River - early and late","DB8AF0AD-BAE9-480B-8A2F-643BF842E6B1",NA,"3793","Same","Yes",NA,997,NA,0.229,NA,1324,0.229,0.771,1,0,0.81366965012205
"CO:SO:TOUT:2012:H",2012,"coho","fall","Toutle River","Hatchery Origin","Toutle River fall coho",0,710,NA,NA,NA,NA,NA,NA,NA,NA,NA,NA,NA,NA,NA,NA,0,1,NA
"CO:SO:TOUT:2012:W",2012,"coho","fall","Toutle River","Wild Origin","Toutle River fall coho",142,0,"Salmon, coho (Lower Columbia River ESU) North Fork Toutle River - early and late","DB8AF0AD-BAE9-480B-8A2F-643BF842E6B1",NA,"3793","Same","Yes",NA,1478,NA,0.201,NA,1863,0.201,0.799,1,0,0.832639467110741
"CO:SO:TOUT:2013:H",2013,"coho","fall","Toutle River","Hatchery Origin","Toutle River fall coho",0,551,NA,NA,NA,NA,NA,NA,NA,NA,NA,NA,NA,NA,NA,NA,0,1,NA
"CO:SO:TOUT:2013:W",2013,"coho","fall","Toutle River","Wild Origin","Toutle River fall coho",116,0,"Salmon, coho (Lower Columbia River ESU) North Fork Toutle River - early and late","DB8AF0AD-BAE9-480B-8A2F-643BF842E6B1",NA,"3793","Same","Yes",NA,2536,NA,0.201,NA,3193,0.201,0.799,1,0,0.832639467110741
"CO:SO:TOUT:2014:H",2014,"coho","fall","Toutle River","Hatchery Origin","Toutle River fall coho",0,430,NA,NA,NA,NA,NA,NA,NA,NA,NA,NA,NA,NA,NA,NA,0,1,NA
"CO:SO:TOUT:2014:W",2014,"coho","fall","Toutle River","Wild Origin","Toutle River fall coho",132,0,"Salmon, coho (Lower Columbia River ESU) North Fork Toutle River - early and late","DB8AF0AD-BAE9-480B-8A2F-643BF842E6B1",NA,"3793","Same","Yes",NA,5359,NA,0.324,NA,7960,0.324,0.676,1,0,0.755287009063444
"CO:SO:TOUT:2015:H",2015,"coho","fall","Toutle River","Hatchery Origin","Toutle River fall coho",0,592,NA,NA,NA,NA,NA,NA,NA,NA,NA,NA,NA,NA,NA,NA,0,1,NA
"CO:SO:TOUT:2015:M",2015,"coho","fall","Toutle River","Mixed Hatchery/Wild Origin","Toutle River fall coho",30,30,"Salmon, coho (Lower Columbia River ESU) North Fork Toutle River - early and late","DB8AF0AD-BAE9-480B-8A2F-643BF842E6B1",NA,"3793","Same","Yes",NA,911,NA,0.562,NA,2108,0.562,0.438,0.5,0.5,0.470809792843691
"CO:SO:TOUT:2015:W",2015,"coho","fall","Toutle River","Wild Origin","Toutle River fall coho",16,0,"Salmon, coho (Lower Columbia River ESU) North Fork Toutle River - early and late","DB8AF0AD-BAE9-480B-8A2F-643BF842E6B1",NA,"3793","Same","Yes",NA,911,NA,0.562,NA,2108,0.562,0.438,1,0,0.640204865556978
"CO:SO:TOUT:2016:M",2016,"coho","fall","Toutle River","Mixed Hatchery/Wild Origin","Toutle River fall coho",95,47,"Salmon, coho (Lower Columbia River ESU) North Fork Toutle River - early and late","DB8AF0AD-BAE9-480B-8A2F-643BF842E6B1",NA,"3793","Same","Yes",NA,1937,NA,0.617,NA,5103,0.617,0.383,0.669014084507042,0.330985915492958,0.520222983999036
"CO:SO:TOUT:2017:M",2017,"coho","fall","Toutle River","Mixed Hatchery/Wild Origin","Toutle River fall coho",89,36,"Salmon, coho (Lower Columbia River ESU) North Fork Toutle River - early and late","DB8AF0AD-BAE9-480B-8A2F-643BF842E6B1",NA,"3793","Same","Yes",NA,972,NA,0.266,NA,1352,0.266,0.734,0.712,0.288,0.7280163599182
"CO:SO:TOUT:2018:M",2018,"coho","fall","Toutle River","Mixed Hatchery/Wild Origin","Toutle River fall coho",11,131,"Salmon, coho (Lower Columbia River ESU) North Fork Toutle River - early and late","DB8AF0AD-BAE9-480B-8A2F-643BF842E6B1",NA,"3793","Same","Yes",NA,1002,NA,0.269,NA,1405,0.269,0.731,0.0774647887323944,0.922535211267606,0.223586324647343
"CO:SO:TOUT:2019:M",2019,"coho","fall","Toutle River","Mixed Hatchery/Wild Origin","Toutle River fall coho",88,69,"Salmon, coho (Lower Columbia River ESU) North Fork Toutle River - early and late","DB8AF0AD-BAE9-480B-8A2F-643BF842E6B1",NA,"3793","Same","Yes",NA,2170,NA,0.168,NA,2832,0.168,0.832,0.560509554140127,0.439490445859873,0.76939218017766
"CO:SO:TOUT:2020:M",2020,"coho","fall","Toutle River","Mixed Hatchery/Wild Origin","Toutle River fall coho",87,44,"Salmon, coho (Lower Columbia River ESU) North Fork Toutle River - early and late","DB8AF0AD-BAE9-480B-8A2F-643BF842E6B1",NA,"3793","Same","Yes",NA,2076,NA,0.16,NA,2512,0.16,0.84,0.66412213740458,0.33587786259542,0.80585402000741
"CO:SO:TOUT:2021:M",2021,"coho","fall","Toutle River","Mixed Hatchery/Wild Origin","Toutle River fall coho",100,38,"Salmon, coho (Lower Columbia River ESU) North Fork Toutle River - early and late","DB8AF0AD-BAE9-480B-8A2F-643BF842E6B1",NA,"3793","Same","Yes",NA,2298,NA,0.142,NA,2727,0.142,0.858,0.72463768115942,0.27536231884058,0.836148366166092
"CO:SO:TOUT:2022:M",2022,"coho","fall","Toutle River","Mixed Hatchery/Wild Origin","Toutle River fall coho",82,38,"Salmon, coho (Lower Columbia River ESU) North Fork Toutle River - early and late","DB8AF0AD-BAE9-480B-8A2F-643BF842E6B1",NA,"3793","Same","Yes",NA,2422,NA,0.15,NA,2901,0.15,0.85,0.683333333333333,0.316666666666667,0.82
"CO:SO:TOUT:2023:M",2023,"coho","fall","Toutle River","Mixed Hatchery/Wild Origin","Toutle River fall coho",82,24,"Salmon, coho (Lower Columbia River ESU) North Fork Toutle River - early and late","DB8AF0AD-BAE9-480B-8A2F-643BF842E6B1",NA,"3793","Same","Yes",NA,1835,NA,0.198,NA,2310,0.198,0.802,0.773584905660377,0.226415094339623,0.79620926709908
"CT:AC:COHA:2021:H",2021,"cutthroat","anadromous coastal","Cowlitz River Hatchery Stock","Hatchery Origin","Cowlitz River Hatchery Stock anadromous coastal cutthroat",0,304,NA,NA,NA,NA,NA,NA,NA,NA,NA,NA,NA,NA,NA,NA,0,1,NA
"CT:AC:COHA:2022:H",2022,"cutthroat","anadromous coastal","Cowlitz River Hatchery Stock","Hatchery Origin","Cowlitz River Hatchery Stock anadromous coastal cutthroat",0,172,NA,NA,NA,NA,NA,NA,NA,NA,NA,NA,NA,NA,NA,NA,0,1,NA
"CT:AC:COHA:2023:H",2023,"cutthroat","anadromous coastal","Cowlitz River Hatchery Stock","Hatchery Origin","Cowlitz River Hatchery Stock anadromous coastal cutthroat",0,314,NA,NA,NA,NA,NA,NA,NA,NA,NA,NA,NA,NA,NA,NA,0,1,NA
"CT:AC:COHA:2024:H",2024,"cutthroat","anadromous coastal","Cowlitz River Hatchery Stock","Hatchery Origin","Cowlitz River Hatchery Stock anadromous coastal cutthroat",0,312,NA,NA,NA,NA,NA,NA,NA,NA,NA,NA,NA,NA,NA,NA,0,1,NA
"CT:AC:COWL:2011:H",2011,"cutthroat","anadromous coastal","Cowlitz River","Hatchery Origin","Cowlitz River anadromous coastal cutthroat",0,487,NA,NA,NA,NA,NA,NA,NA,NA,NA,NA,NA,NA,NA,NA,0,1,NA
"CT:AC:COWL:2012:H",2012,"cutthroat","anadromous coastal","Cowlitz River","Hatchery Origin","Cowlitz River anadromous coastal cutthroat",0,467,NA,NA,NA,NA,NA,NA,NA,NA,NA,NA,NA,NA,NA,NA,0,1,NA
"CT:AC:COWL:2013:H",2013,"cutthroat","anadromous coastal","Cowlitz River","Hatchery Origin","Cowlitz River anadromous coastal cutthroat",0,444,NA,NA,NA,NA,NA,NA,NA,NA,NA,NA,NA,NA,NA,NA,0,1,NA
"CT:AC:COWL:2014:H",2014,"cutthroat","anadromous coastal","Cowlitz River","Hatchery Origin","Cowlitz River anadromous coastal cutthroat",0,341,NA,NA,NA,NA,NA,NA,NA,NA,NA,NA,NA,NA,NA,NA,0,1,NA
"CT:AC:COWL:2015:H",2015,"cutthroat","anadromous coastal","Cowlitz River","Hatchery Origin","Cowlitz River anadromous coastal cutthroat",0,270,NA,NA,NA,NA,NA,NA,NA,NA,NA,NA,NA,NA,NA,NA,0,1,NA
"CT:AC:COWL:2016:H",2016,"cutthroat","anadromous coastal","Cowlitz River","Hatchery Origin","Cowlitz River anadromous coastal cutthroat",0,382,NA,NA,NA,NA,NA,NA,NA,NA,NA,NA,NA,NA,NA,NA,0,1,NA
"CT:AC:COWL:2017:H",2017,"cutthroat","anadromous coastal","Cowlitz River","Hatchery Origin","Cowlitz River anadromous coastal cutthroat",0,370,NA,NA,NA,NA,NA,NA,NA,NA,NA,NA,NA,NA,NA,NA,0,1,NA
"CT:AC:COWL:2018:H",2018,"cutthroat","anadromous coastal","Cowlitz River","Hatchery Origin","Cowlitz River anadromous coastal cutthroat",0,340,NA,NA,NA,NA,NA,NA,NA,NA,NA,NA,NA,NA,NA,NA,0,1,NA
"CT:AC:COWL:2019:H",2019,"cutthroat","anadromous coastal","Cowlitz River","Hatchery Origin","Cowlitz River anadromous coastal cutthroat",0,360,NA,NA,NA,NA,NA,NA,NA,NA,NA,NA,NA,NA,NA,NA,0,1,NA
"CT:AC:COWL:2020:H",2020,"cutthroat","anadromous coastal","Cowlitz River","Hatchery Origin","Cowlitz River anadromous coastal cutthroat",0,360,NA,NA,NA,NA,NA,NA,NA,NA,NA,NA,NA,NA,NA,NA,0,1,NA
"CT:RC:SKMN:2012:H",2012,"cutthroat","resident coastal","Skamania","Hatchery Origin","Skamania resident coastal cutthroat",58,0,NA,NA,NA,NA,NA,NA,NA,NA,NA,NA,NA,NA,NA,NA,1,0,NA
"CT:RC:SKMN:2013:H",2013,"cutthroat","resident coastal","Skamania","Hatchery Origin","Skamania resident coastal cutthroat",60,0,NA,NA,NA,NA,NA,NA,NA,NA,NA,NA,NA,NA,NA,NA,1,0,NA
"SH:SU:COHA:2017:H",2017,"steelhead","summer","Cowlitz River Hatchery Stock","Hatchery Origin","Cowlitz River Hatchery Stock summer steelhead",0,410,NA,NA,NA,NA,NA,NA,NA,NA,NA,NA,NA,NA,NA,NA,0,1,NA
"SH:SU:COHA:2018:H",2018,"steelhead","summer","Cowlitz River Hatchery Stock","Hatchery Origin","Cowlitz River Hatchery Stock summer steelhead",0,438,NA,NA,NA,NA,NA,NA,NA,NA,NA,NA,NA,NA,NA,NA,0,1,NA
"SH:SU:COHA:2019:H",2019,"steelhead","summer","Cowlitz River Hatchery Stock","Hatchery Origin","Cowlitz River Hatchery Stock summer steelhead",0,420,NA,NA,NA,NA,NA,NA,NA,NA,NA,NA,NA,NA,NA,NA,0,1,NA
"SH:SU:COHA:2020:H",2020,"steelhead","summer","Cowlitz River Hatchery Stock","Hatchery Origin","Cowlitz River Hatchery Stock summer steelhead",0,454,NA,NA,NA,NA,NA,NA,NA,NA,NA,NA,NA,NA,NA,NA,0,1,NA
"SH:SU:COHA:2021:H",2021,"steelhead","summer","Cowlitz River Hatchery Stock","Hatchery Origin","Cowlitz River Hatchery Stock summer steelhead",0,412,NA,NA,NA,NA,NA,NA,NA,NA,NA,NA,NA,NA,NA,NA,0,1,NA
"SH:SU:COHA:2022:H",2022,"steelhead","summer","Cowlitz River Hatchery Stock","Hatchery Origin","Cowlitz River Hatchery Stock summer steelhead",0,430,NA,NA,NA,NA,NA,NA,NA,NA,NA,NA,NA,NA,NA,NA,0,1,NA
"SH:SU:COHA:2023:H",2023,"steelhead","summer","Cowlitz River Hatchery Stock","Hatchery Origin","Cowlitz River Hatchery Stock summer steelhead",0,420,NA,NA,NA,NA,NA,NA,NA,NA,NA,NA,NA,NA,NA,NA,0,1,NA
"SH:SU:COHA:2024:H",2024,"steelhead","summer","Cowlitz River Hatchery Stock","Hatchery Origin","Cowlitz River Hatchery Stock summer steelhead",0,474,NA,NA,NA,NA,NA,NA,NA,NA,NA,NA,NA,NA,NA,NA,0,1,NA
"SH:SU:COWL:2011:H",2011,"steelhead","summer","Cowlitz River","Hatchery Origin","Cowlitz River summer steelhead",0,355,NA,NA,NA,NA,NA,NA,NA,NA,NA,NA,NA,NA,NA,NA,0,1,NA
"SH:SU:COWL:2012:H",2012,"steelhead","summer","Cowlitz River","Hatchery Origin","Cowlitz River summer steelhead",0,516,NA,NA,NA,NA,NA,NA,NA,NA,NA,NA,NA,NA,NA,NA,0,1,NA
"SH:SU:COWL:2013:H",2013,"steelhead","summer","Cowlitz River","Hatchery Origin","Cowlitz River summer steelhead",0,483,NA,NA,NA,NA,NA,NA,NA,NA,NA,NA,NA,NA,NA,NA,0,1,NA
"SH:SU:COWL:2014:H",2014,"steelhead","summer","Cowlitz River","Hatchery Origin","Cowlitz River summer steelhead",0,416,NA,NA,NA,NA,NA,NA,NA,NA,NA,NA,NA,NA,NA,NA,0,1,NA
"SH:SU:COWL:2015:H",2015,"steelhead","summer","Cowlitz River","Hatchery Origin","Cowlitz River summer steelhead",0,358,NA,NA,NA,NA,NA,NA,NA,NA,NA,NA,NA,NA,NA,NA,0,1,NA
"SH:SU:COWL:2016:H",2016,"steelhead","summer","Cowlitz River","Hatchery Origin","Cowlitz River summer steelhead",0,430,NA,NA,NA,NA,NA,NA,NA,NA,NA,NA,NA,NA,NA,NA,0,1,NA
"SH:SU:KALA:2011:W",2011,"steelhead","summer","Kalama River","Wild Origin","Kalama River summer steelhead",51,0,"Steelhead (Lower Columbia River DPS) Kalama River - summer","286FEC6E-6971-4434-94D2-25E3F2737187",NA,"6735","Same","Yes",582,582,NA,NA,1206,1206,0.517412935323383,0.482587064676617,1,0,0.659016393442623
"SH:SU:KALA:2011:W",2011,"steelhead","summer","Kalama River","Wild Origin","Kalama River summer steelhead",51,0,"Steelhead (Lower Columbia River DPS) Kalama River - summer","286FEC6E-6971-4434-94D2-25E3F2737187",NA,"6735",NA,"Yes",NA,NA,0.514,0.514,NA,NA,0.514,0.486,1,0,0.660501981505945
"SH:SU:KALA:2012:H",2012,"steelhead","summer","Kalama River","Hatchery Origin","Kalama River summer steelhead",0,6,NA,NA,NA,NA,NA,NA,NA,NA,NA,NA,NA,NA,NA,NA,0,1,NA
"SH:SU:KALA:2012:W",2012,"steelhead","summer","Kalama River","Wild Origin","Kalama River summer steelhead",51,0,"Steelhead (Lower Columbia River DPS) Kalama River - summer","286FEC6E-6971-4434-94D2-25E3F2737187",NA,"6735","Same","Yes",667,667,NA,NA,1198,1198,0.443238731218698,0.556761268781302,1,0,0.692886061307114
"SH:SU:KALA:2012:W",2012,"steelhead","summer","Kalama River","Wild Origin","Kalama River summer steelhead",51,0,"Steelhead (Lower Columbia River DPS) Kalama River - summer","286FEC6E-6971-4434-94D2-25E3F2737187",NA,"6735",NA,"Yes",NA,NA,0.443,0.443,NA,NA,0.443,0.557,1,0,0.693000693000693
"SH:SU:KALA:2013:H",2013,"steelhead","summer","Kalama River","Hatchery Origin","Kalama River summer steelhead",0,6,NA,NA,NA,NA,NA,NA,NA,NA,NA,NA,NA,NA,NA,NA,0,1,NA
"SH:SU:KALA:2013:W",2013,"steelhead","summer","Kalama River","Wild Origin","Kalama River summer steelhead",52,0,"Steelhead (Lower Columbia River DPS) Kalama River - summer","286FEC6E-6971-4434-94D2-25E3F2737187",NA,"6735","Same","Yes",748,748,NA,NA,1209,1209,0.381306865177833,0.618693134822167,1,0,0.723952095808383
"SH:SU:KALA:2013:W",2013,"steelhead","summer","Kalama River","Wild Origin","Kalama River summer steelhead",52,0,"Steelhead (Lower Columbia River DPS) Kalama River - summer","286FEC6E-6971-4434-94D2-25E3F2737187",NA,"6735",NA,"Yes",NA,NA,0.379,0.379,NA,NA,0.379,0.621,1,0,0.725163161711385
"SH:SU:KALA:2014:H",2014,"steelhead","summer","Kalama River","Hatchery Origin","Kalama River summer steelhead",0,4,NA,NA,NA,NA,NA,NA,NA,NA,NA,NA,NA,NA,NA,NA,0,1,NA
"SH:SU:KALA:2014:W",2014,"steelhead","summer","Kalama River","Wild Origin","Kalama River summer steelhead",50,0,"Steelhead (Lower Columbia River DPS) Kalama River - summer","286FEC6E-6971-4434-94D2-25E3F2737187",NA,"6735","Same","Yes",402,402,NA,NA,753,753,0.466135458167331,0.533864541832669,1,0,0.682065217391304
"SH:SU:KALA:2014:W",2014,"steelhead","summer","Kalama River","Wild Origin","Kalama River summer steelhead",50,0,"Steelhead (Lower Columbia River DPS) Kalama River - summer","286FEC6E-6971-4434-94D2-25E3F2737187",NA,"6735",NA,"Yes",NA,NA,0.464,0.464,NA,NA,0.464,0.536,1,0,0.683060109289617
"SH:SU:KALA:2015:H",2015,"steelhead","summer","Kalama River","Hatchery Origin","Kalama River summer steelhead",0,4,NA,NA,NA,NA,NA,NA,NA,NA,NA,NA,NA,NA,NA,NA,0,1,NA
"SH:SU:KALA:2015:W",2015,"steelhead","summer","Kalama River","Wild Origin","Kalama River summer steelhead",42,0,"Steelhead (Lower Columbia River DPS) Kalama River - summer","286FEC6E-6971-4434-94D2-25E3F2737187",NA,"6735","Same","Yes",795,795,NA,NA,1848,1848,0.569805194805195,0.430194805194805,1,0,0.637021716649431
"SH:SU:KALA:2015:W",2015,"steelhead","summer","Kalama River","Wild Origin","Kalama River summer steelhead",42,0,"Steelhead (Lower Columbia River DPS) Kalama River - summer","286FEC6E-6971-4434-94D2-25E3F2737187",NA,"6735",NA,"Yes",NA,NA,0.569,0.569,NA,NA,0.569,0.431,1,0,0.637348629700446
"SH:SU:KALA:2016:H",2016,"steelhead","summer","Kalama River","Hatchery Origin","Kalama River summer steelhead",0,2,NA,NA,NA,NA,NA,NA,NA,NA,NA,NA,NA,NA,NA,NA,0,1,NA
"SH:SU:KALA:2016:W",2016,"steelhead","summer","Kalama River","Wild Origin","Kalama River summer steelhead",35,4,"Steelhead (Lower Columbia River DPS) Kalama River - summer","286FEC6E-6971-4434-94D2-25E3F2737187",NA,"6735","Same","Yes",880,880,0.367,0.367,1395,1395,0.367,0.633,0.897435897435897,0.102564102564103,0.709751992375236
"SH:SU:KALA:2017:W",2017,"steelhead","summer","Kalama River","Wild Origin","Kalama River summer steelhead",39,26,"Steelhead (Lower Columbia River DPS) Kalama River - summer","286FEC6E-6971-4434-94D2-25E3F2737187",NA,"6735","Same","Yes",648,648,0.451,0.451,1183,1183,0.451,0.549,0.6,0.4,0.570884871550904
"SH:SU:KALA:2018:W",2018,"steelhead","summer","Kalama River","Wild Origin","Kalama River summer steelhead",46,32,"Steelhead (Lower Columbia River DPS) Kalama River - summer","286FEC6E-6971-4434-94D2-25E3F2737187",NA,"6735","Same","Yes",327,327,0.332,0.332,490,490,0.332,0.668,0.58974358974359,0.41025641025641,0.639813063313675
"SH:SU:KALA:2019:W",2019,"steelhead","summer","Kalama River","Wild Origin","Kalama River summer steelhead",52,8,"Steelhead (Lower Columbia River DPS) Kalama River - summer","286FEC6E-6971-4434-94D2-25E3F2737187",NA,"6735","Same","Yes",396,396,0.285,0.285,556,556,0.285,0.715,0.866666666666667,0.133333333333333,0.752532561505065
"SH:SU:KALA:2020:W",2020,"steelhead","summer","Kalama River","Wild Origin","Kalama River summer steelhead",45,10,"Steelhead (Lower Columbia River DPS) Kalama River - summer","286FEC6E-6971-4434-94D2-25E3F2737187",NA,"6735","Same","Yes",324,324,0.226,0.226,421,421,0.226,0.774,0.818181818181818,0.181818181818182,0.783562597945325
"SH:SU:KALA:2021:W",2021,"steelhead","summer","Kalama River","Wild Origin","Kalama River summer steelhead",67,36,"Steelhead (Lower Columbia River DPS) Kalama River - summer","286FEC6E-6971-4434-94D2-25E3F2737187",NA,"6735","Same","Yes",239,239,0.13,0.13,276,276,0.13,0.87,0.650485436893204,0.349514563106796,0.833436994651076
"SH:SU:KALA:2022:W",2022,"steelhead","summer","Kalama River","Wild Origin","Kalama River summer steelhead",28,43,"Steelhead (Lower Columbia River DPS) Kalama River - summer","286FEC6E-6971-4434-94D2-25E3F2737187",NA,"6735","Same","Yes",146,146,0.233,0.233,191,191,0.233,0.767,0.394366197183099,0.605633802816901,0.628606066048537
"SH:SU:KALA:2023:W",2023,"steelhead","summer","Kalama River","Wild Origin","Kalama River summer steelhead",66,26,"Steelhead (Lower Columbia River DPS) Kalama River - summer","286FEC6E-6971-4434-94D2-25E3F2737187",NA,"6735","Same","Yes",447,447,0.141,0.141,521,521,0.141,0.859,0.717391304347826,0.282608695652174,0.835739249354202
"SH:SU:KALA:2024:W",2024,"steelhead","summer","Kalama River","Wild Origin","Kalama River summer steelhead",53,22,"Steelhead (Lower Columbia River DPS) Kalama River - summer","286FEC6E-6971-4434-94D2-25E3F2737187",NA,"6735","Same","Yes",379,379,0.122,0.122,434,434,0.122,0.878,0.706666666666667,0.293333333333333,0.85277554304103
"SH:SU:LEWI:2011:H",2011,"steelhead","summer","Lewis River","Hatchery Origin","Lewis River summer steelhead",0,195,NA,NA,NA,NA,NA,NA,NA,NA,NA,NA,NA,NA,NA,NA,0,1,NA
"SH:SU:LEWI:2012:H",2012,"steelhead","summer","Lewis River","Hatchery Origin","Lewis River summer steelhead",0,261,NA,NA,NA,NA,NA,NA,NA,NA,NA,NA,NA,NA,NA,NA,0,1,NA
"SH:SU:LEWI:2013:H",2013,"steelhead","summer","Lewis River","Hatchery Origin","Lewis River summer steelhead",0,199,NA,NA,NA,NA,NA,NA,NA,NA,NA,NA,NA,NA,NA,NA,0,1,NA
"SH:SU:LEWI:2014:H",2014,"steelhead","summer","Lewis River","Hatchery Origin","Lewis River summer steelhead",0,158,NA,NA,NA,NA,NA,NA,NA,NA,NA,NA,NA,NA,NA,NA,0,1,NA
"SH:SU:LEWI:2015:H",2015,"steelhead","summer","Lewis River","Hatchery Origin","Lewis River summer steelhead",0,170,NA,NA,NA,NA,NA,NA,NA,NA,NA,NA,NA,NA,NA,NA,0,1,NA
"SH:SU:LEWI:2016:H",2016,"steelhead","summer","Lewis River","Hatchery Origin","Lewis River summer steelhead",0,202,NA,NA,NA,NA,NA,NA,NA,NA,NA,NA,NA,NA,NA,NA,0,1,NA
"SH:SU:MEHA:2017:H",2017,"steelhead","summer","Merwin Hatchery Stock","Hatchery Origin","Merwin Hatchery Stock summer steelhead",0,201,NA,NA,NA,NA,NA,NA,NA,NA,NA,NA,NA,NA,NA,NA,0,1,NA
"SH:SU:MEHA:2018:H",2018,"steelhead","summer","Merwin Hatchery Stock","Hatchery Origin","Merwin Hatchery Stock summer steelhead",0,168,NA,NA,NA,NA,NA,NA,NA,NA,NA,NA,NA,NA,NA,NA,0,1,NA
"SH:SU:MEHA:2019:H",2019,"steelhead","summer","Merwin Hatchery Stock","Hatchery Origin","Merwin Hatchery Stock summer steelhead",0,182,NA,NA,NA,NA,NA,NA,NA,NA,NA,NA,NA,NA,NA,NA,0,1,NA
"SH:SU:MEHA:2020:H",2020,"steelhead","summer","Merwin Hatchery Stock","Hatchery Origin","Merwin Hatchery Stock summer steelhead",0,218,NA,NA,NA,NA,NA,NA,NA,NA,NA,NA,NA,NA,NA,NA,0,1,NA
"SH:SU:MEHA:2021:H",2021,"steelhead","summer","Merwin Hatchery Stock","Hatchery Origin","Merwin Hatchery Stock summer steelhead",0,238,NA,NA,NA,NA,NA,NA,NA,NA,NA,NA,NA,NA,NA,NA,0,1,NA
"SH:SU:MEHA:2022:H",2022,"steelhead","summer","Merwin Hatchery Stock","Hatchery Origin","Merwin Hatchery Stock summer steelhead",0,212,NA,NA,NA,NA,NA,NA,NA,NA,NA,NA,NA,NA,NA,NA,0,1,NA
"SH:SU:MEHA:2023:H",2023,"steelhead","summer","Merwin Hatchery Stock","Hatchery Origin","Merwin Hatchery Stock summer steelhead",0,234,NA,NA,NA,NA,NA,NA,NA,NA,NA,NA,NA,NA,NA,NA,0,1,NA
"SH:SU:MEHA:2024:H",2024,"steelhead","summer","Merwin Hatchery Stock","Hatchery Origin","Merwin Hatchery Stock summer steelhead",0,242,NA,NA,NA,NA,NA,NA,NA,NA,NA,NA,NA,NA,NA,NA,0,1,NA
"SH:SU:SKHA:2017:H",2017,"steelhead","summer","Skamania Hatchery Stock","Hatchery Origin","Skamania Hatchery Stock summer steelhead",0,273,NA,NA,NA,NA,NA,NA,NA,NA,NA,NA,NA,NA,NA,NA,0,1,NA
"SH:SU:SKHA:2018:H",2018,"steelhead","summer","Skamania Hatchery Stock","Hatchery Origin","Skamania Hatchery Stock summer steelhead",0,404,NA,NA,NA,NA,NA,NA,NA,NA,NA,NA,NA,NA,NA,NA,0,1,NA
"SH:SU:SKHA:2019:H",2019,"steelhead","summer","Skamania Hatchery Stock","Hatchery Origin","Skamania Hatchery Stock summer steelhead",0,304,NA,NA,NA,NA,NA,NA,NA,NA,NA,NA,NA,NA,NA,NA,0,1,NA
"SH:SU:SKHA:2020:H",2020,"steelhead","summer","Skamania Hatchery Stock","Hatchery Origin","Skamania Hatchery Stock summer steelhead",0,224,NA,NA,NA,NA,NA,NA,NA,NA,NA,NA,NA,NA,NA,NA,0,1,NA
"SH:SU:SKHA:2021:H",2021,"steelhead","summer","Skamania Hatchery Stock","Hatchery Origin","Skamania Hatchery Stock summer steelhead",0,264,NA,NA,NA,NA,NA,NA,NA,NA,NA,NA,NA,NA,NA,NA,0,1,NA
"SH:SU:SKHA:2022:H",2022,"steelhead","summer","Skamania Hatchery Stock","Hatchery Origin","Skamania Hatchery Stock summer steelhead",0,140,NA,NA,NA,NA,NA,NA,NA,NA,NA,NA,NA,NA,NA,NA,0,1,NA
"SH:SU:SKHA:2023:H",2023,"steelhead","summer","Skamania Hatchery Stock","Hatchery Origin","Skamania Hatchery Stock summer steelhead",0,162,NA,NA,NA,NA,NA,NA,NA,NA,NA,NA,NA,NA,NA,NA,0,1,NA
"SH:SU:SKHA:2024:H",2024,"steelhead","summer","Skamania Hatchery Stock","Hatchery Origin","Skamania Hatchery Stock summer steelhead",0,186,NA,NA,NA,NA,NA,NA,NA,NA,NA,NA,NA,NA,NA,NA,0,1,NA
"SH:SU:SKMN:2012:H",2012,"steelhead","summer","Skamania","Hatchery Origin","Skamania summer steelhead",0,214,NA,NA,NA,NA,NA,NA,NA,NA,NA,NA,NA,NA,NA,NA,0,1,NA
"SH:SU:SKMN:2013:H",2013,"steelhead","summer","Skamania","Hatchery Origin","Skamania summer steelhead",0,234,NA,NA,NA,NA,NA,NA,NA,NA,NA,NA,NA,NA,NA,NA,0,1,NA
"SH:SU:SKMN:2014:H",2014,"steelhead","summer","Skamania","Hatchery Origin","Skamania summer steelhead",0,228,NA,NA,NA,NA,NA,NA,NA,NA,NA,NA,NA,NA,NA,NA,0,1,NA
"SH:SU:SKMN:2015:H",2015,"steelhead","summer","Skamania","Hatchery Origin","Skamania summer steelhead",0,228,NA,NA,NA,NA,NA,NA,NA,NA,NA,NA,NA,NA,NA,NA,0,1,NA
"SH:SU:SKMN:2016:H",2016,"steelhead","summer","Skamania","Hatchery Origin","Skamania summer steelhead",0,358,NA,NA,NA,NA,NA,NA,NA,NA,NA,NA,NA,NA,NA,NA,0,1,NA
"SH:WI:BEHA:2017:H",2017,"steelhead","winter","Beaver Creek Hatchery Stock","Hatchery Origin","Beaver Creek Hatchery Stock winter steelhead",0,56,NA,NA,NA,NA,NA,NA,NA,NA,NA,NA,NA,NA,NA,NA,0,1,NA
"SH:WI:BEHA:2018:H",2018,"steelhead","winter","Beaver Creek Hatchery Stock","Hatchery Origin","Beaver Creek Hatchery Stock winter steelhead",0,209,NA,NA,NA,NA,NA,NA,NA,NA,NA,NA,NA,NA,NA,NA,0,1,NA
"SH:WI:BEHA:2019:H",2019,"steelhead","winter","Beaver Creek Hatchery Stock","Hatchery Origin","Beaver Creek Hatchery Stock winter steelhead",0,187,NA,NA,NA,NA,NA,NA,NA,NA,NA,NA,NA,NA,NA,NA,0,1,NA
"SH:WI:BEHA:2020:H",2020,"steelhead","winter","Beaver Creek Hatchery Stock","Hatchery Origin","Beaver Creek Hatchery Stock winter steelhead",0,212,NA,NA,NA,NA,NA,NA,NA,NA,NA,NA,NA,NA,NA,NA,0,1,NA
"SH:WI:BEHA:2021:H",2021,"steelhead","winter","Beaver Creek Hatchery Stock","Hatchery Origin","Beaver Creek Hatchery Stock winter steelhead",0,179,NA,NA,NA,NA,NA,NA,NA,NA,NA,NA,NA,NA,NA,NA,0,1,NA
"SH:WI:BEHA:2022:H",2022,"steelhead","winter","Beaver Creek Hatchery Stock","Hatchery Origin","Beaver Creek Hatchery Stock winter steelhead",0,258,NA,NA,NA,NA,NA,NA,NA,NA,NA,NA,NA,NA,NA,NA,0,1,NA
"SH:WI:BEHA:2023:H",2023,"steelhead","winter","Beaver Creek Hatchery Stock","Hatchery Origin","Beaver Creek Hatchery Stock winter steelhead",0,187,NA,NA,NA,NA,NA,NA,NA,NA,NA,NA,NA,NA,NA,NA,0,1,NA
"SH:WI:BEHA:2024:H",2024,"steelhead","winter","Beaver Creek Hatchery Stock","Hatchery Origin","Beaver Creek Hatchery Stock winter steelhead",0,170,NA,NA,NA,NA,NA,NA,NA,NA,NA,NA,NA,NA,NA,NA,0,1,NA
"SH:WI:COWL:2011:H",2011,"steelhead","winter","Cowlitz River","Hatchery Origin","Cowlitz River winter steelhead",0,169,NA,NA,NA,NA,NA,NA,NA,NA,NA,NA,NA,NA,NA,NA,0,1,NA
"SH:WI:ELOC:2011:H",2011,"steelhead","winter","Elochoman River","Hatchery Origin","Elochoman River winter steelhead",0,179,NA,NA,NA,NA,NA,NA,NA,NA,NA,NA,NA,NA,NA,NA,0,1,NA
"SH:WI:ELOC:2012:H",2012,"steelhead","winter","Elochoman River","Hatchery Origin","Elochoman River winter steelhead",0,168,NA,NA,NA,NA,NA,NA,NA,NA,NA,NA,NA,NA,NA,NA,0,1,NA
"SH:WI:ELOC:2013:H",2013,"steelhead","winter","Elochoman River","Hatchery Origin","Elochoman River winter steelhead",0,160,NA,NA,NA,NA,NA,NA,NA,NA,NA,NA,NA,NA,NA,NA,0,1,NA
"SH:WI:ELOC:2014:H",2014,"steelhead","winter","Elochoman River","Hatchery Origin","Elochoman River winter steelhead",0,154,NA,NA,NA,NA,NA,NA,NA,NA,NA,NA,NA,NA,NA,NA,0,1,NA
"SH:WI:ELOC:2015:H",2015,"steelhead","winter","Elochoman River","Hatchery Origin","Elochoman River winter steelhead",0,174,NA,NA,NA,NA,NA,NA,NA,NA,NA,NA,NA,NA,NA,NA,0,1,NA
"SH:WI:ELOC:2016:H",2016,"steelhead","winter","Elochoman River","Hatchery Origin","Elochoman River winter steelhead",0,58,NA,NA,NA,NA,NA,NA,NA,NA,NA,NA,NA,NA,NA,NA,0,1,NA
"SH:WI:GRAY:2011:H",2011,"steelhead","winter","Grays River","Hatchery Origin","Grays River winter steelhead",0,90,NA,NA,NA,NA,NA,NA,NA,NA,NA,NA,NA,NA,NA,NA,0,1,NA
"SH:WI:KALA:2011:H",2011,"steelhead","winter","Kalama River","Hatchery Origin","Kalama River winter steelhead",0,100,NA,NA,NA,NA,NA,NA,NA,NA,NA,NA,NA,NA,NA,NA,0,1,NA
"SH:WI:KALA:2012:H",2012,"steelhead","winter","Kalama River","Hatchery Origin","Kalama River winter steelhead",0,130,NA,NA,NA,NA,NA,NA,NA,NA,NA,NA,NA,NA,NA,NA,0,1,NA
"SH:WI:KALA:2013:H",2013,"steelhead","winter","Kalama River","Hatchery Origin","Kalama River winter steelhead",0,104,NA,NA,NA,NA,NA,NA,NA,NA,NA,NA,NA,NA,NA,NA,0,1,NA
"SH:WI:KALA:2014:H",2014,"steelhead","winter","Kalama River","Hatchery Origin","Kalama River winter steelhead",0,148,NA,NA,NA,NA,NA,NA,NA,NA,NA,NA,NA,NA,NA,NA,0,1,NA
"SH:WI:KALA:2015:H",2015,"steelhead","winter","Kalama River","Hatchery Origin","Kalama River winter steelhead",0,152,NA,NA,NA,NA,NA,NA,NA,NA,NA,NA,NA,NA,NA,NA,0,1,NA
"SH:WI:KALA:2016:H",2016,"steelhead","winter","Kalama River","Hatchery Origin","Kalama River winter steelhead",0,251,NA,NA,NA,NA,NA,NA,NA,NA,NA,NA,NA,NA,NA,NA,0,1,NA
"SH:WI:KFHA:2017:H",2017,"steelhead","winter","Kalama Falls Hatchery","Hatchery Origin","Kalama Falls Hatchery winter steelhead",0,77,NA,NA,NA,NA,NA,NA,NA,NA,NA,NA,NA,NA,NA,NA,0,1,NA
"SH:WI:KFHA:2018:H",2018,"steelhead","winter","Kalama Falls Hatchery","Hatchery Origin","Kalama Falls Hatchery winter steelhead",64,24,NA,NA,NA,NA,NA,NA,NA,NA,NA,NA,NA,NA,NA,NA,0.727272727272727,0.272727272727273,NA
"SH:WI:KFHA:2019:H",2019,"steelhead","winter","Kalama Falls Hatchery","Hatchery Origin","Kalama Falls Hatchery winter steelhead",8,79,NA,NA,NA,NA,NA,NA,NA,NA,NA,NA,NA,NA,NA,NA,0.0919540229885057,0.908045977011494,NA
"SH:WI:KFHA:2020:H",2020,"steelhead","winter","Kalama Falls Hatchery","Hatchery Origin","Kalama Falls Hatchery winter steelhead",0,163,NA,NA,NA,NA,NA,NA,NA,NA,NA,NA,NA,NA,NA,NA,0,1,NA
"SH:WI:KFHA:2021:H",2021,"steelhead","winter","Kalama Falls Hatchery","Hatchery Origin","Kalama Falls Hatchery winter steelhead",3,100,NA,NA,NA,NA,NA,NA,NA,NA,NA,NA,NA,NA,NA,NA,0.029126213592233,0.970873786407767,NA
"SH:WI:KFHA:2022:H",2022,"steelhead","winter","Kalama Falls Hatchery","Hatchery Origin","Kalama Falls Hatchery winter steelhead",0,137,NA,NA,NA,NA,NA,NA,NA,NA,NA,NA,NA,NA,NA,NA,0,1,NA
"SH:WI:KFHA:2023:H",2023,"steelhead","winter","Kalama Falls Hatchery","Hatchery Origin","Kalama Falls Hatchery winter steelhead",0,113,NA,NA,NA,NA,NA,NA,NA,NA,NA,NA,NA,NA,NA,NA,0,1,NA
"SH:WI:KFHA:2024:H",2024,"steelhead","winter","Kalama Falls Hatchery","Hatchery Origin","Kalama Falls Hatchery winter steelhead",0,122,NA,NA,NA,NA,NA,NA,NA,NA,NA,NA,NA,NA,NA,NA,0,1,NA
"SH:WI:LEWI:2011:H",2011,"steelhead","winter","Lewis River","Hatchery Origin","Lewis River winter steelhead",0,60,NA,NA,NA,NA,NA,NA,NA,NA,NA,NA,NA,NA,NA,NA,0,1,NA
"SH:WI:LEWI:2011:W",2011,"steelhead","winter","Lewis River","Wild Origin","Lewis River winter steelhead",35,0,"Steelhead (Lower Columbia River DPS) North Fork Lewis River - winter","221E528E-D73A-40AC-94C5-421B2743FCCA",NA,"6749",NA,NA,NA,NA,NA,NA,NA,NA,NA,NA,1,0,NA
"SH:WI:LEWI:2012:H",2012,"steelhead","winter","Lewis River","Hatchery Origin","Lewis River winter steelhead",0,68,NA,NA,NA,NA,NA,NA,NA,NA,NA,NA,NA,NA,NA,NA,0,1,NA
"SH:WI:LEWI:2013:H",2013,"steelhead","winter","Lewis River","Hatchery Origin","Lewis River winter steelhead",0,74,NA,NA,NA,NA,NA,NA,NA,NA,NA,NA,NA,NA,NA,NA,0,1,NA
"SH:WI:LEWI:2014:H",2014,"steelhead","winter","Lewis River","Hatchery Origin","Lewis River winter steelhead",0,68,NA,NA,NA,NA,NA,NA,NA,NA,NA,NA,NA,NA,NA,NA,0,1,NA
"SH:WI:LEWI:2015:H",2015,"steelhead","winter","Lewis River","Hatchery Origin","Lewis River winter steelhead",0,72,NA,NA,NA,NA,NA,NA,NA,NA,NA,NA,NA,NA,NA,NA,0,1,NA
"SH:WI:LEWI:2016:H",2016,"steelhead","winter","Lewis River","Hatchery Origin","Lewis River winter steelhead",0,98,NA,NA,NA,NA,NA,NA,NA,NA,NA,NA,NA,NA,NA,NA,0,1,NA
"SH:WI:MEHA:2017:H",2017,"steelhead","winter","Merwin Hatchery Stock","Hatchery Origin","Merwin Hatchery Stock winter steelhead",0,94,NA,NA,NA,NA,NA,NA,NA,NA,NA,NA,NA,NA,NA,NA,0,1,NA
"SH:WI:MEHA:2018:H",2018,"steelhead","winter","Merwin Hatchery Stock","Hatchery Origin","Merwin Hatchery Stock winter steelhead",0,64,NA,NA,NA,NA,NA,NA,NA,NA,NA,NA,NA,NA,NA,NA,0,1,NA
"SH:WI:MEHA:2019:H",2019,"steelhead","winter","Merwin Hatchery Stock","Hatchery Origin","Merwin Hatchery Stock winter steelhead",0,72,NA,NA,NA,NA,NA,NA,NA,NA,NA,NA,NA,NA,NA,NA,0,1,NA
"SH:WI:MEHA:2020:H",2020,"steelhead","winter","Merwin Hatchery Stock","Hatchery Origin","Merwin Hatchery Stock winter steelhead",0,98,NA,NA,NA,NA,NA,NA,NA,NA,NA,NA,NA,NA,NA,NA,0,1,NA
"SH:WI:MEHA:2021:H",2021,"steelhead","winter","Merwin Hatchery Stock","Hatchery Origin","Merwin Hatchery Stock winter steelhead",0,84,NA,NA,NA,NA,NA,NA,NA,NA,NA,NA,NA,NA,NA,NA,0,1,NA
"SH:WI:MEHA:2022:H",2022,"steelhead","winter","Merwin Hatchery Stock","Hatchery Origin","Merwin Hatchery Stock winter steelhead",0,84,NA,NA,NA,NA,NA,NA,NA,NA,NA,NA,NA,NA,NA,NA,0,1,NA
"SH:WI:MEHA:2023:H",2023,"steelhead","winter","Merwin Hatchery Stock","Hatchery Origin","Merwin Hatchery Stock winter steelhead",0,86,NA,NA,NA,NA,NA,NA,NA,NA,NA,NA,NA,NA,NA,NA,0,1,NA
"SH:WI:SKHA:2021:H",2021,"steelhead","winter","Skamania Hatchery Stock","Hatchery Origin","Skamania Hatchery Stock winter steelhead",0,87,NA,NA,NA,NA,NA,NA,NA,NA,NA,NA,NA,NA,NA,NA,0,1,NA
"SH:WI:SKHA:2022:H",2022,"steelhead","winter","Skamania Hatchery Stock","Hatchery Origin","Skamania Hatchery Stock winter steelhead",0,84,NA,NA,NA,NA,NA,NA,NA,NA,NA,NA,NA,NA,NA,NA,0,1,NA
"SH:WI:SKHA:2023:H",2023,"steelhead","winter","Skamania Hatchery Stock","Hatchery Origin","Skamania Hatchery Stock winter steelhead",0,79,NA,NA,NA,NA,NA,NA,NA,NA,NA,NA,NA,NA,NA,NA,0,1,NA
"SH:WI:SKHA:2024:H",2024,"steelhead","winter","Skamania Hatchery Stock","Hatchery Origin","Skamania Hatchery Stock winter steelhead",0,90,NA,NA,NA,NA,NA,NA,NA,NA,NA,NA,NA,NA,NA,NA,0,1,NA
"SH:WI:SKMN:2012:H",2012,"steelhead","winter","Skamania","Hatchery Origin","Skamania winter steelhead",0,118,NA,NA,NA,NA,NA,NA,NA,NA,NA,NA,NA,NA,NA,NA,0,1,NA
"SH:WI:SKMN:2013:H",2013,"steelhead","winter","Skamania","Hatchery Origin","Skamania winter steelhead",0,122,NA,NA,NA,NA,NA,NA,NA,NA,NA,NA,NA,NA,NA,NA,0,1,NA
"SH:WI:SKMN:2014:H",2014,"steelhead","winter","Skamania","Hatchery Origin","Skamania winter steelhead",0,112,NA,NA,NA,NA,NA,NA,NA,NA,NA,NA,NA,NA,NA,NA,0,1,NA
"SH:WI:SKMN:2015:H",2015,"steelhead","winter","Skamania","Hatchery Origin","Skamania winter steelhead",0,102,NA,NA,NA,NA,NA,NA,NA,NA,NA,NA,NA,NA,NA,NA,0,1,NA
"SH:WI:SKMN:2016:H",2016,"steelhead","winter","Skamania","Hatchery Origin","Skamania winter steelhead",0,122,NA,NA,NA,NA,NA,NA,NA,NA,NA,NA,NA,NA,NA,NA,0,1,NA
"SH:WL:COWL:2011:H",2011,"steelhead","winter","Cowlitz River","Hatchery Origin","Cowlitz River winter steelhead",0,184,NA,NA,NA,NA,NA,NA,NA,NA,NA,NA,NA,NA,NA,NA,0,1,NA
"SH:WL:COWL:2012:H",2012,"steelhead","winter","Cowlitz River","Hatchery Origin","Cowlitz River winter steelhead",0,276,NA,NA,NA,NA,NA,NA,NA,NA,NA,NA,NA,NA,NA,NA,0,1,NA
"SH:WL:COWL:2012:W",2012,"steelhead","winter","Cowlitz River","Wild Origin","Cowlitz River winter steelhead",147,0,"Steelhead (Lower Columbia River DPS) Lower Cowlitz River - winter","0CCF5308-0104-462A-823D-208168F9ECF7",NA,"6701",NA,NA,NA,NA,NA,NA,NA,NA,NA,NA,1,0,NA
"SH:WL:KALA:2011:W",2011,"steelhead","winter","Kalama River","Wild Origin","Kalama River winter steelhead",77,0,"Steelhead (Lower Columbia River DPS) Kalama River - winter","E4599B39-1404-49A3-B1CF-D09DE1F2963D",NA,"6742","Same","Yes",NA,607,NA,NA,NA,NA,NA,NA,1,0,NA
"SH:WL:KALA:2011:W",2011,"steelhead","winter","Kalama River","Wild Origin","Kalama River winter steelhead",77,0,"Steelhead (Lower Columbia River DPS) Kalama River - winter","E4599B39-1404-49A3-B1CF-D09DE1F2963D",NA,"6742","Same","Yes",NA,NA,NA,NA,NA,627,NA,NA,1,0,NA
"SH:WL:KALA:2011:W",2011,"steelhead","winter","Kalama River","Wild Origin","Kalama River winter steelhead",77,0,"Steelhead (Lower Columbia River DPS) Kalama River - winter","E4599B39-1404-49A3-B1CF-D09DE1F2963D",NA,"6742",NA,"Yes",NA,NA,NA,0.031,NA,NA,0.031,0.969,1,0,0.969932104752667
"SH:WL:KALA:2012:W",2012,"steelhead","winter","Kalama River","Wild Origin","Kalama River winter steelhead",36,33,"Steelhead (Lower Columbia River DPS) Kalama River - winter","E4599B39-1404-49A3-B1CF-D09DE1F2963D",NA,"6742","Same","Yes",NA,1016,NA,NA,NA,NA,NA,NA,0.521739130434783,0.478260869565217,NA
"SH:WL:KALA:2012:W",2012,"steelhead","winter","Kalama River","Wild Origin","Kalama River winter steelhead",36,33,"Steelhead (Lower Columbia River DPS) Kalama River - winter","E4599B39-1404-49A3-B1CF-D09DE1F2963D",NA,"6742","Same","Yes",NA,NA,NA,NA,NA,1042,NA,NA,0.521739130434783,0.478260869565217,NA
"SH:WL:KALA:2012:W",2012,"steelhead","winter","Kalama River","Wild Origin","Kalama River winter steelhead",36,33,"Steelhead (Lower Columbia River DPS) Kalama River - winter","E4599B39-1404-49A3-B1CF-D09DE1F2963D",NA,"6742",NA,"Yes",NA,NA,NA,0.025,NA,NA,0.025,0.975,0.521739130434783,0.478260869565217,0.95427435387674
"SH:WL:KALA:2013:H",2013,"steelhead","winter","Kalama River","Hatchery Origin","Kalama River winter steelhead",0,4,NA,NA,NA,NA,NA,NA,NA,NA,NA,NA,NA,NA,NA,NA,0,1,NA
"SH:WL:KALA:2013:W",2013,"steelhead","winter","Kalama River","Wild Origin","Kalama River winter steelhead",78,0,"Steelhead (Lower Columbia River DPS) Kalama River - winter","E4599B39-1404-49A3-B1CF-D09DE1F2963D",NA,"6742","Same","Yes",NA,794,NA,NA,NA,NA,NA,NA,1,0,NA
"SH:WL:KALA:2013:W",2013,"steelhead","winter","Kalama River","Wild Origin","Kalama River winter steelhead",78,0,"Steelhead (Lower Columbia River DPS) Kalama River - winter","E4599B39-1404-49A3-B1CF-D09DE1F2963D",NA,"6742","Same","Yes",NA,NA,NA,NA,NA,836,NA,NA,1,0,NA
"SH:WL:KALA:2013:W",2013,"steelhead","winter","Kalama River","Wild Origin","Kalama River winter steelhead",78,0,"Steelhead (Lower Columbia River DPS) Kalama River - winter","E4599B39-1404-49A3-B1CF-D09DE1F2963D",NA,"6742",NA,"Yes",NA,NA,NA,0.05,NA,NA,0.05,0.95,1,0,0.952380952380952
"SH:WL:KALA:2014:W",2014,"steelhead","winter","Kalama River","Wild Origin","Kalama River winter steelhead",69,0,"Steelhead (Lower Columbia River DPS) Kalama River - winter","E4599B39-1404-49A3-B1CF-D09DE1F2963D",NA,"6742","Same","Yes",NA,903,NA,NA,NA,NA,NA,NA,1,0,NA
"SH:WL:KALA:2014:W",2014,"steelhead","winter","Kalama River","Wild Origin","Kalama River winter steelhead",69,0,"Steelhead (Lower Columbia River DPS) Kalama River - winter","E4599B39-1404-49A3-B1CF-D09DE1F2963D",NA,"6742","Same","Yes",NA,NA,NA,NA,NA,942,NA,NA,1,0,NA
"SH:WL:KALA:2014:W",2014,"steelhead","winter","Kalama River","Wild Origin","Kalama River winter steelhead",69,0,"Steelhead (Lower Columbia River DPS) Kalama River - winter","E4599B39-1404-49A3-B1CF-D09DE1F2963D",NA,"6742",NA,"Yes",NA,NA,NA,0.042,NA,NA,0.042,0.958,1,0,0.959692898272553
"SH:WL:KALA:2015:W",2015,"steelhead","winter","Kalama River","Wild Origin","Kalama River winter steelhead",54,0,"Steelhead (Lower Columbia River DPS) Kalama River - winter","E4599B39-1404-49A3-B1CF-D09DE1F2963D",NA,"6742","Same","Yes",NA,1138,NA,NA,NA,NA,NA,NA,1,0,NA
"SH:WL:KALA:2015:W",2015,"steelhead","winter","Kalama River","Wild Origin","Kalama River winter steelhead",54,0,"Steelhead (Lower Columbia River DPS) Kalama River - winter","E4599B39-1404-49A3-B1CF-D09DE1F2963D",NA,"6742","Same","Yes",NA,NA,NA,NA,NA,1189,NA,NA,1,0,NA
"SH:WL:KALA:2015:W",2015,"steelhead","winter","Kalama River","Wild Origin","Kalama River winter steelhead",54,0,"Steelhead (Lower Columbia River DPS) Kalama River - winter","E4599B39-1404-49A3-B1CF-D09DE1F2963D",NA,"6742",NA,"Yes",NA,NA,NA,0.043,NA,NA,0.043,0.957,1,0,0.958772770853308
"SH:WL:KALA:2016:W",2016,"steelhead","winter","Kalama River","Wild Origin","Kalama River winter steelhead",42,0,"Steelhead (Lower Columbia River DPS) Kalama River - winter","E4599B39-1404-49A3-B1CF-D09DE1F2963D",NA,"6742","Same","Yes",NA,1144,NA,NA,NA,NA,NA,NA,1,0,NA
"SH:WL:KALA:2016:W",2016,"steelhead","winter","Kalama River","Wild Origin","Kalama River winter steelhead",42,0,"Steelhead (Lower Columbia River DPS) Kalama River - winter","E4599B39-1404-49A3-B1CF-D09DE1F2963D",NA,"6742","Same","Yes",NA,NA,NA,NA,NA,1181,NA,NA,1,0,NA
"SH:WL:KALA:2016:W",2016,"steelhead","winter","Kalama River","Wild Origin","Kalama River winter steelhead",42,0,"Steelhead (Lower Columbia River DPS) Kalama River - winter","E4599B39-1404-49A3-B1CF-D09DE1F2963D",NA,"6742",NA,"Yes",NA,NA,NA,0.031,NA,NA,0.031,0.969,1,0,0.969932104752667
"SH:WL:KALA:2017:H",2017,"steelhead","winter","Kalama River","Hatchery Origin","Kalama River winter steelhead",0,26,NA,NA,NA,NA,NA,NA,NA,NA,NA,NA,NA,NA,NA,NA,0,1,NA
"SH:WL:KALA:2017:W",2017,"steelhead","winter","Kalama River","Wild Origin","Kalama River winter steelhead",49,0,"Steelhead (Lower Columbia River DPS) Kalama River - winter","E4599B39-1404-49A3-B1CF-D09DE1F2963D",NA,"6742","Same","Yes",NA,664,NA,NA,NA,NA,NA,NA,1,0,NA
"SH:WL:KALA:2017:W",2017,"steelhead","winter","Kalama River","Wild Origin","Kalama River winter steelhead",49,0,"Steelhead (Lower Columbia River DPS) Kalama River - winter","E4599B39-1404-49A3-B1CF-D09DE1F2963D",NA,"6742","Same","Yes",NA,NA,NA,NA,NA,682,NA,NA,1,0,NA
"SH:WL:KALA:2017:W",2017,"steelhead","winter","Kalama River","Wild Origin","Kalama River winter steelhead",49,0,"Steelhead (Lower Columbia River DPS) Kalama River - winter","E4599B39-1404-49A3-B1CF-D09DE1F2963D",NA,"6742",NA,"Yes",NA,NA,NA,0.028,NA,NA,0.028,0.972,1,0,0.972762645914397
"SH:WL:KALA:2018:W",2018,"steelhead","winter","Kalama River","Wild Origin","Kalama River winter steelhead",84,0,"Steelhead (Lower Columbia River DPS) Kalama River - winter","E4599B39-1404-49A3-B1CF-D09DE1F2963D",NA,"6742","Same","Yes",NA,572,NA,NA,NA,NA,NA,NA,1,0,NA
"SH:WL:KALA:2018:W",2018,"steelhead","winter","Kalama River","Wild Origin","Kalama River winter steelhead",84,0,"Steelhead (Lower Columbia River DPS) Kalama River - winter","E4599B39-1404-49A3-B1CF-D09DE1F2963D",NA,"6742","Same","Yes",NA,NA,NA,NA,NA,583,NA,NA,1,0,NA
"SH:WL:KALA:2018:W",2018,"steelhead","winter","Kalama River","Wild Origin","Kalama River winter steelhead",84,0,"Steelhead (Lower Columbia River DPS) Kalama River - winter","E4599B39-1404-49A3-B1CF-D09DE1F2963D",NA,"6742",NA,"Yes",NA,NA,NA,0.02,NA,NA,0.02,0.98,1,0,0.980392156862745
"SH:WL:KALA:2019:W",2019,"steelhead","winter","Kalama River","Wild Origin","Kalama River winter steelhead",47,0,"Steelhead (Lower Columbia River DPS) Kalama River - winter","E4599B39-1404-49A3-B1CF-D09DE1F2963D",NA,"6742","Same","Yes",NA,189,NA,NA,NA,NA,NA,NA,1,0,NA
"SH:WL:KALA:2019:W",2019,"steelhead","winter","Kalama River","Wild Origin","Kalama River winter steelhead",47,0,"Steelhead (Lower Columbia River DPS) Kalama River - winter","E4599B39-1404-49A3-B1CF-D09DE1F2963D",NA,"6742","Same","Yes",NA,NA,NA,NA,NA,202,NA,NA,1,0,NA
"SH:WL:KALA:2019:W",2019,"steelhead","winter","Kalama River","Wild Origin","Kalama River winter steelhead",47,0,"Steelhead (Lower Columbia River DPS) Kalama River - winter","E4599B39-1404-49A3-B1CF-D09DE1F2963D",NA,"6742",NA,"Yes",NA,NA,NA,0.064,NA,NA,0.064,0.936,1,0,0.93984962406015
"SH:WL:KALA:2020:W",2020,"steelhead","winter","Kalama River","Wild Origin","Kalama River winter steelhead",62,0,"Steelhead (Lower Columbia River DPS) Kalama River - winter","E4599B39-1404-49A3-B1CF-D09DE1F2963D",NA,"6742","Same","Yes",NA,459,NA,NA,NA,NA,NA,NA,1,0,NA
"SH:WL:KALA:2020:W",2020,"steelhead","winter","Kalama River","Wild Origin","Kalama River winter steelhead",62,0,"Steelhead (Lower Columbia River DPS) Kalama River - winter","E4599B39-1404-49A3-B1CF-D09DE1F2963D",NA,"6742","Same","Yes",NA,NA,NA,NA,NA,464,NA,NA,1,0,NA
"SH:WL:KALA:2020:W",2020,"steelhead","winter","Kalama River","Wild Origin","Kalama River winter steelhead",62,0,"Steelhead (Lower Columbia River DPS) Kalama River - winter","E4599B39-1404-49A3-B1CF-D09DE1F2963D",NA,"6742",NA,"Yes",NA,NA,NA,0.01,NA,NA,0.01,0.99,1,0,0.99009900990099
"SH:WL:KALA:2021:W",2021,"steelhead","winter","Kalama River","Wild Origin","Kalama River winter steelhead",50,0,"Steelhead (Lower Columbia River DPS) Kalama River - winter","E4599B39-1404-49A3-B1CF-D09DE1F2963D",NA,"6742","Same","Yes",NA,295,NA,NA,NA,NA,NA,NA,1,0,NA
"SH:WL:KALA:2021:W",2021,"steelhead","winter","Kalama River","Wild Origin","Kalama River winter steelhead",50,0,"Steelhead (Lower Columbia River DPS) Kalama River - winter","E4599B39-1404-49A3-B1CF-D09DE1F2963D",NA,"6742","Same","Yes",NA,NA,NA,NA,NA,303,NA,NA,1,0,NA
"SH:WL:KALA:2021:W",2021,"steelhead","winter","Kalama River","Wild Origin","Kalama River winter steelhead",50,0,"Steelhead (Lower Columbia River DPS) Kalama River - winter","E4599B39-1404-49A3-B1CF-D09DE1F2963D",NA,"6742",NA,"Yes",NA,NA,NA,0.027,NA,NA,0.027,0.973,1,0,0.973709834469328
"SH:WL:KALA:2022:W",2022,"steelhead","winter","Kalama River","Wild Origin","Kalama River winter steelhead",63,0,"Steelhead (Lower Columbia River DPS) Kalama River - winter","E4599B39-1404-49A3-B1CF-D09DE1F2963D",NA,"6742","Same","Yes",NA,777,NA,NA,NA,NA,NA,NA,1,0,NA
"SH:WL:KALA:2022:W",2022,"steelhead","winter","Kalama River","Wild Origin","Kalama River winter steelhead",63,0,"Steelhead (Lower Columbia River DPS) Kalama River - winter","E4599B39-1404-49A3-B1CF-D09DE1F2963D",NA,"6742","Same","Yes",NA,NA,NA,NA,NA,792,NA,NA,1,0,NA
"SH:WL:KALA:2022:W",2022,"steelhead","winter","Kalama River","Wild Origin","Kalama River winter steelhead",63,0,"Steelhead (Lower Columbia River DPS) Kalama River - winter","E4599B39-1404-49A3-B1CF-D09DE1F2963D",NA,"6742",NA,"Yes",NA,NA,NA,0.019,NA,NA,0.019,0.981,1,0,0.98135426889107
"SH:WL:KALA:2023:W",2023,"steelhead","winter","Kalama River","Wild Origin","Kalama River winter steelhead",42,0,"Steelhead (Lower Columbia River DPS) Kalama River - winter","E4599B39-1404-49A3-B1CF-D09DE1F2963D",NA,"6742","Same","Yes",NA,552,NA,0.001,NA,558,0.001,0.999,1,0,0.999000999000999
"SH:WL:KALA:2024:W",2024,"steelhead","winter","Kalama River","Wild Origin","Kalama River winter steelhead",45,0,"Steelhead (Lower Columbia River DPS) Kalama River - winter","E4599B39-1404-49A3-B1CF-D09DE1F2963D",NA,"6742","Same","Yes",NA,834,NA,0.002,NA,847,0.002,0.998,1,0,0.998003992015968
"SH:WL:LCOW:2013:M",2013,"steelhead","winter","Lower Cowlitz River","Mixed Hatchery/Wild Origin","Lower Cowlitz River winter steelhead",2,226,"Steelhead (Lower Columbia River DPS) Lower Cowlitz River - winter","0CCF5308-0104-462A-823D-208168F9ECF7",NA,"6701","Portion","Yes",NA,503,NA,0.099,NA,558,0.099,0.901,0.0087719298245614,0.991228070175439,0.0813934559661403
"SH:WL:LCOW:2014:M",2014,"steelhead","winter","Lower Cowlitz River","Mixed Hatchery/Wild Origin","Lower Cowlitz River winter steelhead",45,237,"Steelhead (Lower Columbia River DPS) Lower Cowlitz River - winter","0CCF5308-0104-462A-823D-208168F9ECF7",NA,"6701","Portion","Yes",NA,556,NA,0.12,NA,632,0.12,0.88,0.159574468085106,0.840425531914894,0.570776255707763
"SH:WL:LCOW:2015:M",2015,"steelhead","winter","Lower Cowlitz River","Mixed Hatchery/Wild Origin","Lower Cowlitz River winter steelhead",20,208,"Steelhead (Lower Columbia River DPS) Lower Cowlitz River - winter","0CCF5308-0104-462A-823D-208168F9ECF7",NA,"6701","Portion","Yes",NA,728,NA,0.059,NA,774,0.059,0.941,0.087719298245614,0.912280701754386,0.597871577185221
"SH:WL:LCOW:2016:M",2016,"steelhead","winter","Lower Cowlitz River","Mixed Hatchery/Wild Origin","Lower Cowlitz River winter steelhead",27,220,"Steelhead (Lower Columbia River DPS) Lower Cowlitz River - winter","0CCF5308-0104-462A-823D-208168F9ECF7",NA,"6701","Portion","Yes",NA,719,NA,0.266,NA,979,0.266,0.734,0.109311740890688,0.890688259109312,0.291255852085176
"SH:WL:LCOW:2017:M",2017,"steelhead","winter","Lower Cowlitz River","Mixed Hatchery/Wild Origin","Lower Cowlitz River winter steelhead",7,231,"Steelhead (Lower Columbia River DPS) Lower Cowlitz River - winter","0CCF5308-0104-462A-823D-208168F9ECF7",NA,"6701","Portion","Yes",NA,292,NA,0.581,NA,697,0.581,0.419,0.0294117647058824,0.970588235294118,0.0481834827021297
"SH:WL:LCOW:2018:M",2018,"steelhead","winter","Lower Cowlitz River","Mixed Hatchery/Wild Origin","Lower Cowlitz River winter steelhead",5,330,"Steelhead (Lower Columbia River DPS) Lower Cowlitz River - winter","0CCF5308-0104-462A-823D-208168F9ECF7",NA,"6701","Portion","Yes",NA,365,NA,0.32,NA,537,0.32,0.68,0.0149253731343284,0.985074626865672,0.0445632798573975
"SH:WL:LCOW:2019:M",2019,"steelhead","winter","Lower Cowlitz River","Mixed Hatchery/Wild Origin","Lower Cowlitz River winter steelhead",3,257,"Steelhead (Lower Columbia River DPS) Lower Cowlitz River - winter","0CCF5308-0104-462A-823D-208168F9ECF7",NA,"6701","Portion","Yes",NA,236,NA,0.291,NA,333,0.291,0.709,0.0115384615384615,0.988461538461539,0.03813882532418
"SH:WL:LCOW:2020:H",2020,"steelhead","winter","Lower Cowlitz River","Hatchery Origin","Lower Cowlitz River winter steelhead",3,251,NA,NA,NA,NA,NA,NA,NA,NA,NA,NA,NA,NA,NA,NA,0.0118110236220472,0.988188976377953,NA
"SH:WL:LCOW:2021:H",2021,"steelhead","winter","Lower Cowlitz River","Hatchery Origin","Lower Cowlitz River winter steelhead",1,191,NA,NA,NA,NA,NA,NA,NA,NA,NA,NA,NA,NA,NA,NA,0.00520833333333333,0.994791666666667,NA
"SH:WL:LCOW:2022:H",2022,"steelhead","winter","Lower Cowlitz River","Hatchery Origin","Lower Cowlitz River winter steelhead",0,306,NA,NA,NA,NA,NA,NA,NA,NA,NA,NA,NA,NA,NA,NA,0,1,NA
"SH:WL:LCOW:2023:H",2023,"steelhead","winter","Lower Cowlitz River","Hatchery Origin","Lower Cowlitz River winter steelhead",0,234,NA,NA,NA,NA,NA,NA,NA,NA,NA,NA,NA,NA,NA,NA,0,1,NA
"SH:WL:LCOW:2024:H",2024,"steelhead","winter","Lower Cowlitz River","Hatchery Origin","Lower Cowlitz River winter steelhead",0,222,NA,NA,NA,NA,NA,NA,NA,NA,NA,NA,NA,NA,NA,NA,0,1,NA
"SH:WL:LEWI:2012:W",2012,"steelhead","winter","Lewis River","Wild Origin","Lewis River winter steelhead",44,0,"Steelhead (Lower Columbia River DPS) North Fork Lewis River - winter","221E528E-D73A-40AC-94C5-421B2743FCCA",NA,"6749",NA,NA,NA,NA,NA,NA,NA,NA,NA,NA,1,0,NA
"SH:WL:LEWI:2013:W",2013,"steelhead","winter","Lewis River","Wild Origin","Lewis River winter steelhead",19,0,"Steelhead (Lower Columbia River DPS) North Fork Lewis River - winter","221E528E-D73A-40AC-94C5-421B2743FCCA",NA,"6749",NA,NA,NA,NA,NA,NA,NA,NA,NA,NA,1,0,NA
"SH:WL:LEWI:2014:W",2014,"steelhead","winter","Lewis River","Wild Origin","Lewis River winter steelhead",45,6,"Steelhead (Lower Columbia River DPS) North Fork Lewis River - winter","221E528E-D73A-40AC-94C5-421B2743FCCA",NA,"6749",NA,NA,NA,NA,NA,NA,NA,NA,NA,NA,0.882352941176471,0.117647058823529,NA
"SH:WL:LEWI:2015:W",2015,"steelhead","winter","Lewis River","Wild Origin","Lewis River winter steelhead",50,0,"Steelhead (Lower Columbia River DPS) North Fork Lewis River - winter","221E528E-D73A-40AC-94C5-421B2743FCCA",NA,"6749",NA,NA,NA,NA,NA,NA,NA,NA,NA,NA,1,0,NA
"SH:WL:LEWI:2016:W",2016,"steelhead","winter","Lewis River","Wild Origin","Lewis River winter steelhead",37,0,"Steelhead (Lower Columbia River DPS) North Fork Lewis River - winter","221E528E-D73A-40AC-94C5-421B2743FCCA",NA,"6749",NA,NA,NA,NA,NA,NA,NA,NA,NA,NA,1,0,NA
"SH:WL:LEWI:2017:W",2017,"steelhead","winter","Lewis River","Wild Origin","Lewis River winter steelhead",51,0,"Steelhead (Lower Columbia River DPS) North Fork Lewis River - winter","221E528E-D73A-40AC-94C5-421B2743FCCA",NA,"6749",NA,NA,NA,NA,NA,NA,NA,NA,NA,NA,1,0,NA
"SH:WL:LEWI:2018:W",2018,"steelhead","winter","Lewis River","Wild Origin","Lewis River winter steelhead",46,0,"Steelhead (Lower Columbia River DPS) North Fork Lewis River - winter","221E528E-D73A-40AC-94C5-421B2743FCCA",NA,"6749",NA,NA,NA,NA,NA,NA,NA,NA,NA,NA,1,0,NA
"SH:WL:LEWI:2019:W",2019,"steelhead","winter","Lewis River","Wild Origin","Lewis River winter steelhead",32,0,"Steelhead (Lower Columbia River DPS) North Fork Lewis River - winter","221E528E-D73A-40AC-94C5-421B2743FCCA",NA,"6749",NA,NA,NA,NA,NA,NA,NA,NA,NA,NA,1,0,NA
"SH:WL:LEWI:2020:W",2020,"steelhead","winter","Lewis River","Wild Origin","Lewis River winter steelhead",48,0,"Steelhead (Lower Columbia River DPS) North Fork Lewis River - winter","221E528E-D73A-40AC-94C5-421B2743FCCA",NA,"6749",NA,NA,NA,NA,NA,NA,NA,NA,NA,NA,1,0,NA
"SH:WL:LEWI:2021:W",2021,"steelhead","winter","Lewis River","Wild Origin","Lewis River winter steelhead",52,0,"Steelhead (Lower Columbia River DPS) North Fork Lewis River - winter","221E528E-D73A-40AC-94C5-421B2743FCCA",NA,"6749",NA,NA,NA,NA,NA,NA,NA,NA,NA,NA,1,0,NA
"SH:WL:LEWI:2022:W",2022,"steelhead","winter","Lewis River","Wild Origin","Lewis River winter steelhead",52,0,"Steelhead (Lower Columbia River DPS) North Fork Lewis River - winter","221E528E-D73A-40AC-94C5-421B2743FCCA",NA,"6749",NA,NA,NA,NA,NA,NA,NA,NA,NA,NA,1,0,NA
"SH:WL:LEWI:2023:W",2023,"steelhead","winter","Lewis River","Wild Origin","Lewis River winter steelhead",53,0,"Steelhead (Lower Columbia River DPS) North Fork Lewis River - winter","221E528E-D73A-40AC-94C5-421B2743FCCA",NA,"6749",NA,NA,NA,NA,NA,NA,NA,NA,NA,NA,1,0,NA
"SH:WL:LEWI:2024:H",2024,"steelhead","winter","Lewis River","Hatchery Origin","Lewis River winter steelhead",0,72,NA,NA,NA,NA,NA,NA,NA,NA,NA,NA,NA,NA,NA,NA,0,1,NA
"SH:WL:LEWI:2024:W",2024,"steelhead","winter","Lewis River","Wild Origin","Lewis River winter steelhead",44,7,"Steelhead (Lower Columbia River DPS) North Fork Lewis River - winter","221E528E-D73A-40AC-94C5-421B2743FCCA",NA,"6749",NA,NA,NA,NA,NA,NA,NA,NA,NA,NA,0.862745098039216,0.137254901960784,NA
"SH:WL:TILT:2013:M",2013,"steelhead","winter","Tilton River","Mixed Hatchery/Wild Origin","Tilton River winter steelhead",47,0,"Steelhead (Lower Columbia River DPS) Tilton River - winter","F088B0C7-1F48-40E0-B871-DA0FF4EB94E6",NA,"6704","Same","Yes",NA,445,NA,0,NA,445,0,1,1,0,1
"SH:WL:TILT:2014:W",2014,"steelhead","winter","Tilton River","Wild Origin","Tilton River winter steelhead",41,0,"Steelhead (Lower Columbia River DPS) Tilton River - winter","F088B0C7-1F48-40E0-B871-DA0FF4EB94E6",NA,"6704","Same","Yes",NA,292,NA,0,NA,292,0,1,1,0,1
"SH:WL:TILT:2015:W",2015,"steelhead","winter","Tilton River","Wild Origin","Tilton River winter steelhead",41,8,"Steelhead (Lower Columbia River DPS) Tilton River - winter","F088B0C7-1F48-40E0-B871-DA0FF4EB94E6",NA,"6704","Same","Yes",NA,363,NA,0.339,NA,549,0.339,0.661,0.836734693877551,0.163265306122449,0.71166964642169
"SH:WL:TILT:2016:W",2016,"steelhead","winter","Tilton River","Wild Origin","Tilton River winter steelhead",58,0,"Steelhead (Lower Columbia River DPS) Tilton River - winter","F088B0C7-1F48-40E0-B871-DA0FF4EB94E6",NA,"6704","Same","Yes",NA,364,NA,0.29,NA,513,0.29,0.71,1,0,0.775193798449612
"SH:WL:TILT:2017:W",2017,"steelhead","winter","Tilton River","Wild Origin","Tilton River winter steelhead",34,11,"Steelhead (Lower Columbia River DPS) Tilton River - winter","F088B0C7-1F48-40E0-B871-DA0FF4EB94E6",NA,"6704","Same","Yes",NA,155,NA,0.129,NA,178,0.129,0.871,0.755555555555556,0.244444444444444,0.854164049742495
"SH:WL:TILT:2018:W",2018,"steelhead","winter","Tilton River","Wild Origin","Tilton River winter steelhead",49,3,"Steelhead (Lower Columbia River DPS) Tilton River - winter","F088B0C7-1F48-40E0-B871-DA0FF4EB94E6",NA,"6704","Same","Yes",NA,166,NA,0.088,NA,182,0.088,0.912,0.942307692307692,0.0576923076923077,0.914588621770942
"SH:WL:TILT:2019:W",2019,"steelhead","winter","Tilton River","Wild Origin","Tilton River winter steelhead",58,0,"Steelhead (Lower Columbia River DPS) Tilton River - winter","F088B0C7-1F48-40E0-B871-DA0FF4EB94E6",NA,"6704","Same","Yes",NA,194,NA,0.205,NA,244,0.205,0.795,1,0,0.829875518672199
"SH:WL:TILT:2020:M",2020,"steelhead","winter","Tilton River","Mixed Hatchery/Wild Origin","Tilton River winter steelhead",20,22,"Steelhead (Lower Columbia River DPS) Tilton River - winter","F088B0C7-1F48-40E0-B871-DA0FF4EB94E6",NA,"6704","Same","Yes",NA,185,NA,0.307,NA,267,0.307,0.693,0.476190476190476,0.523809523809524,0.608013619505077
"SH:WL:TILT:2021:M",2021,"steelhead","winter","Tilton River","Mixed Hatchery/Wild Origin","Tilton River winter steelhead",11,24,"Steelhead (Lower Columbia River DPS) Tilton River - winter","F088B0C7-1F48-40E0-B871-DA0FF4EB94E6",NA,"6704","Same","Yes",NA,54,NA,NA,NA,68,0.205882352941177,0.794117647058823,0.314285714285714,0.685714285714286,0.604200323101777
"SH:WL:TILT:2021:M",2021,"steelhead","winter","Tilton River","Mixed Hatchery/Wild Origin","Tilton River winter steelhead",11,24,"Steelhead (Lower Columbia River DPS) Tilton River - winter","F088B0C7-1F48-40E0-B871-DA0FF4EB94E6",NA,"6704",NA,"Yes",NA,NA,NA,0.35,NA,NA,0.35,0.65,0.314285714285714,0.685714285714286,0.473118279569892
"SH:WL:TILT:2022:M",2022,"steelhead","winter","Tilton River","Mixed Hatchery/Wild Origin","Tilton River winter steelhead",11,29,"Steelhead (Lower Columbia River DPS) Tilton River - winter","F088B0C7-1F48-40E0-B871-DA0FF4EB94E6",NA,"6704","Same","Yes",NA,132,NA,0.66,NA,387,0.66,0.34,0.275,0.725,0.294117647058824
"SH:WL:TILT:2023:M",2023,"steelhead","winter","Tilton River","Mixed Hatchery/Wild Origin","Tilton River winter steelhead",7,40,"Steelhead (Lower Columbia River DPS) Tilton River - winter","F088B0C7-1F48-40E0-B871-DA0FF4EB94E6",NA,"6704","Same","Yes",NA,105,NA,0.35,NA,161,0.35,0.65,0.148936170212766,0.851063829787234,0.298507462686567
"SH:WL:TILT:2024:M",2024,"steelhead","winter","Tilton River","Mixed Hatchery/Wild Origin","Tilton River winter steelhead",31,24,"Steelhead (Lower Columbia River DPS) Tilton River - winter","F088B0C7-1F48-40E0-B871-DA0FF4EB94E6",NA,"6704",NA,NA,NA,NA,NA,NA,NA,NA,NA,NA,0.563636363636364,0.436363636363636,NA
"SH:WL:UCOW:2013:M",2013,"steelhead","winter","Upper Cowlitz River","Mixed Hatchery/Wild Origin","Upper Cowlitz River winter steelhead",66,0,"Steelhead (Lower Columbia River DPS) Upper Cowlitz River - winter","8E86EC48-6DEB-4FC8-8F3A-7F57B814EBF6",NA,"6702","Multiple","Yes",NA,343,NA,0,NA,343,0,1,1,0,1
"SH:WL:UCOW:2014:M",2014,"steelhead","winter","Upper Cowlitz River","Mixed Hatchery/Wild Origin","Upper Cowlitz River winter steelhead",7,61,"Steelhead (Lower Columbia River DPS) Upper Cowlitz River - winter","8E86EC48-6DEB-4FC8-8F3A-7F57B814EBF6",NA,"6702","Multiple","Yes",NA,24,NA,0.905,NA,253,0.905,0.095,0.102941176470588,0.897058823529412,0.1021301429822
"SH:WL:UCOW:2015:W",2015,"steelhead","winter","Upper Cowlitz River","Wild Origin","Upper Cowlitz River winter steelhead",42,46,"Steelhead (Lower Columbia River DPS) Upper Cowlitz River - winter","8E86EC48-6DEB-4FC8-8F3A-7F57B814EBF6",NA,"6702","Multiple","Yes",NA,151,NA,0.664,NA,449,0.664,0.336,0.477272727272727,0.522727272727273,0.418193404492592
"SH:WL:UCOW:2016:W",2016,"steelhead","winter","Upper Cowlitz River","Wild Origin","Upper Cowlitz River winter steelhead",62,40,"Steelhead (Lower Columbia River DPS) Upper Cowlitz River - winter","8E86EC48-6DEB-4FC8-8F3A-7F57B814EBF6",NA,"6702","Multiple","Yes",NA,120,NA,0.733,NA,450,0.733,0.267,0.607843137254902,0.392156862745098,0.453329043768188
"SH:WL:UCOW:2017:W",2017,"steelhead","winter","Upper Cowlitz River","Wild Origin","Upper Cowlitz River winter steelhead",71,11,"Steelhead (Lower Columbia River DPS) Upper Cowlitz River - winter","8E86EC48-6DEB-4FC8-8F3A-7F57B814EBF6",NA,"6702","Multiple","Yes",NA,216,NA,0.335,NA,325,0.335,0.665,0.865853658536585,0.134146341463415,0.721031786330862
"SH:WL:UCOW:2018:W",2018,"steelhead","winter","Upper Cowlitz River","Wild Origin","Upper Cowlitz River winter steelhead",42,41,"Steelhead (Lower Columbia River DPS) Upper Cowlitz River - winter","8E86EC48-6DEB-4FC8-8F3A-7F57B814EBF6",NA,"6702","Multiple","Yes",NA,400,NA,0.317,NA,586,0.317,0.683,0.506024096385542,0.493975903614458,0.614835092444848
"SH:WL:UCOW:2019:W",2019,"steelhead","winter","Upper Cowlitz River","Wild Origin","Upper Cowlitz River winter steelhead",31,53,"Steelhead (Lower Columbia River DPS) Upper Cowlitz River - winter","8E86EC48-6DEB-4FC8-8F3A-7F57B814EBF6",NA,"6702","Multiple","Yes",NA,118,NA,0.157,NA,140,0.157,0.843,0.369047619047619,0.630952380952381,0.701547931565131
"SH:WL:UCOW:2020:M",2020,"steelhead","winter","Upper Cowlitz River","Mixed Hatchery/Wild Origin","Upper Cowlitz River winter steelhead",80,28,"Steelhead (Lower Columbia River DPS) Upper Cowlitz River - winter","8E86EC48-6DEB-4FC8-8F3A-7F57B814EBF6",NA,"6702","Multiple","Yes",NA,513,NA,0.342,NA,780,0.342,0.658,0.740740740740741,0.259259259259259,0.684134911404529
"SH:WL:UCOW:2021:M",2021,"steelhead","winter","Upper Cowlitz River","Mixed Hatchery/Wild Origin","Upper Cowlitz River winter steelhead",72,0,"Steelhead (Lower Columbia River DPS) Upper Cowlitz River - winter","8E86EC48-6DEB-4FC8-8F3A-7F57B814EBF6",NA,"6702","Multiple","Yes",NA,223,NA,0.43,NA,388,0.43,0.57,1,0,0.699300699300699
"SH:WL:UCOW:2022:M",2022,"steelhead","winter","Upper Cowlitz River","Mixed Hatchery/Wild Origin","Upper Cowlitz River winter steelhead",26,52,"Steelhead (Lower Columbia River DPS) Upper Cowlitz River - winter","8E86EC48-6DEB-4FC8-8F3A-7F57B814EBF6",NA,"6702","Multiple","Yes",NA,609,NA,0.31,NA,880,0.31,0.69,0.333333333333333,0.666666666666667,0.518134715025907
"SH:WL:UCOW:2023:M",2023,"steelhead","winter","Upper Cowlitz River","Mixed Hatchery/Wild Origin","Upper Cowlitz River winter steelhead",19,81,"Steelhead (Lower Columbia River DPS) Upper Cowlitz River - winter","8E86EC48-6DEB-4FC8-8F3A-7F57B814EBF6",NA,"6702","Multiple","Yes",NA,285,NA,0.42,NA,493,0.42,0.58,0.19,0.81,0.311475409836066
"SH:WL:UCOW:2024:M",2024,"steelhead","winter","Upper Cowlitz River","Mixed Hatchery/Wild Origin","Upper Cowlitz River winter steelhead",34,113,"Steelhead (Lower Columbia River DPS) Upper Cowlitz River - winter","8E86EC48-6DEB-4FC8-8F3A-7F57B814EBF6",NA,"6702",NA,NA,NA,NA,NA,NA,NA,NA,NA,NA,0.231292517006803,0.768707482993197,NA
